,X,Y,Area,Perimeter,Radius,Circularity,Convexity,Inertia,Graymean,Graystd,Repimean,Repistd,Gepimean,Gepistd,Bepimean,Bepistd,X_rawImage,Y_rawImage,plate_barcode,colony_index
0,1133,946,86.0,36.82842707633972,6.4031242374328485,0.7967865120383842,0.9942196531791907,0.9983955908899559,158.5125,0.04512116,85.244225,0.04801249,97.526535,0.031137714,248.31372,0.025599701,1283,1096,S2R80105,0
1,694,945,70.5,32.24264061450958,5.656854249492381,0.8521926338723421,1.0,0.9975182669318612,166.4199,0.050209887,78.55451,0.04490475,90.29159,0.051910833,233.76645,0.031950872,844,1095,S2R80105,1
2,942,950,360.5,74.52691197395325,11.40175425099138,0.8156219028770405,0.9486842105263158,0.9995365181036863,155.0257,0.057273444,87.47802,0.042386334,97.16459,0.039602548,249.17274,0.031308666,1092,1100,S2R80105,2
3,1410,942,243.5,60.041630148887634,9.219544457292887,0.8487970854686324,0.9624505928853755,0.9997866704453349,134.09819,0.34598285,71.69025,0.11630676,80.8767,0.105282135,214.83525,0.08365838,1560,1092,S2R80105,3
4,1166,945,486.5,84.87005686759949,12.649110640673518,0.8487576902454972,0.9643211100099108,0.9999055944559877,148.0486,0.10925812,91.19337,0.076825395,100.73731,0.052763928,251.24109,0.03912487,1316,1095,S2R80105,4
5,562,941,293.0,64.62741649150848,9.899494936611665,0.8815437973881457,0.973421926910299,0.9998203906702453,152.20782,0.14422722,87.37739,0.091438934,96.57776,0.091396146,247.8079,0.061528187,712,1091,S2R80105,5
6,71,940,270.0,61.79898929595947,9.848857801796104,0.888404773508922,0.9836065573770492,0.9998183817984219,144.08417,0.16542962,87.679665,0.11159638,96.56907,0.10785021,243.05278,0.09320056,221,1090,S2R80105,6
7,900,938,378.5,80.04163002967834,11.40175425099138,0.7424101471657003,0.931119311193112,0.999669799493789,159.13387,0.047303583,86.772026,0.038484726,96.76197,0.03435373,250.74974,0.035752475,1050,1088,S2R80105,7
8,536,932,115.0,41.656854033470154,6.737096024649162,0.8327885920584714,1.0,0.9988446162235635,161.95541,0.055104222,82.712616,0.0526576,92.90094,0.040228695,242.4902,0.033782687,686,1082,S2R80105,8
9,960,934,369.5,73.69848430156708,10.816653826391969,0.8548840108795921,0.9634941329856584,0.9994703969322501,151.21548,0.12149944,88.57819,0.08169123,99.11653,0.074363805,254.83722,0.048242282,1110,1084,S2R80105,9
10,1381,929,300.0,67.4558436870575,9.874176369203884,0.8284989488862845,0.9584664536741214,0.9308014430673752,150.33653,0.1175979,86.73004,0.09389819,96.47116,0.067002095,252.63988,0.057743624,1531,1079,S2R80105,10
11,1208,929,469.5,92.18376529216766,12.165525060596439,0.6942830687174264,0.8985645933014355,0.9954194693901951,154.06075,0.09827527,89.76356,0.06345119,100.590645,0.0614834,259.29773,0.03975304,1358,1079,S2R80105,11
12,500,913,51.5,27.071067690849304,4.47213595499958,0.8830927583904986,0.9903846153846154,0.9924574616014434,173.31808,0.038243413,81.92784,0.04645941,90.523865,0.028204747,240.00693,0.027876474,650,1063,S2R80105,12
13,1500,916,304.0,65.79898941516876,10.198039027185569,0.8823583515757323,0.9790660225442834,0.9998340000565276,145.49065,0.14907865,85.0002,0.10279589,95.87986,0.08091701,240.43724,0.03274778,1650,1066,S2R80105,13
14,779,916,360.5,72.87005710601807,11.180339887498949,0.8531333381430306,0.9613333333333334,0.9998937398111483,149.76204,0.1305248,89.95213,0.07960004,100.57761,0.07829412,251.98076,0.03635482,929,1066,S2R80105,14
15,763,923,195.0,54.14213526248932,8.365746312736945,0.8359373235167732,0.9629629629629629,0.9915311554665007,163.11853,0.03856946,83.32262,0.036601815,94.18757,0.033745307,239.55774,0.028694207,913,1073,S2R80105,15
16,832,914,323.5,72.87005722522736,10.63014581273465,0.7655718002393398,0.9417758369723436,0.9998242909743617,154.49194,0.11409534,89.06102,0.076106295,99.28603,0.066294625,258.75928,0.053911164,982,1064,S2R80105,16
17,822,933,225.5,57.55634880065918,8.602325267042627,0.8554013643154189,0.9698924731182795,0.9984632896777574,150.29153,0.16630597,90.6095,0.096780345,101.44775,0.09882697,258.96964,0.075311325,972,1083,S2R80105,17
18,1267,910,155.5,47.899494767189026,7.810249675906654,0.8516838110546491,0.9904458598726115,0.9589928333843565,154.6071,0.093023755,90.51496,0.056026764,100.1123,0.052289337,264.76727,0.034988225,1417,1060,S2R80105,18
19,1263,925,238.5,61.55634891986847,9.219544457292887,0.790956395488875,0.9559118236472945,0.9990763362337195,157.94849,0.047238853,87.092415,0.03556927,98.78565,0.032177135,259.81076,0.030996313,1413,1075,S2R80105,19
20,399,906,426.0,77.11269783973694,11.704699910719626,0.9002594071478729,0.9804372842347526,0.9998947226650541,148.6354,0.15673892,91.60473,0.093344964,101.77081,0.08500986,264.08762,0.07206365,549,1056,S2R80105,20
21,921,907,496.0,88.28427064418793,13.0,0.7996959076692686,0.9385052034058656,0.9999380515039353,153.3203,0.11410059,90.02135,0.07779336,101.1635,0.071651265,257.12146,0.038207285,1071,1057,S2R80105,21
22,1293,899,164.0,58.14213538169861,8.0,0.6096376158871419,0.8608923884514436,0.9993848658848252,164.1801,0.04171489,88.287994,0.031369668,96.908875,0.038409837,262.6796,0.024343595,1443,1049,S2R80105,22
23,1298,920,825.0,129.5979790687561,16.64331697709324,0.6172588907343912,0.8607198748043818,0.9999735847018331,160.91473,0.041545786,87.26734,0.034609307,97.17253,0.03523964,260.05972,0.02991219,1448,1070,S2R80105,23
24,1196,900,195.5,54.72792184352875,8.06225774829855,0.8202357825650022,0.9654320987654321,0.9996786399351202,158.07013,0.054293104,87.93227,0.04121102,99.18553,0.033994712,264.4474,0.03290095,1346,1050,S2R80105,24
25,948,895,83.5,36.24264061450958,5.830951894845301,0.7988342452488605,0.9823529411764705,0.9982648510526688,165.83398,0.049256507,84.882835,0.02847096,96.82974,0.03843214,246.76688,0.0173917,1098,1045,S2R80105,25
26,89,893,170.5,52.72792184352875,7.810249675906654,0.7706424670090117,0.9445983379501385,0.9996104661552864,155.00294,0.060737174,83.01287,0.046980258,92.46682,0.046907198,246.66283,0.028367294,239,1043,S2R80105,26
27,1369,893,287.0,69.31370830535889,10.04987562112089,0.7506776608337424,0.9348534201954397,0.9998603471636658,157.37303,0.041262086,84.85815,0.03755099,96.2715,0.031543992,258.68106,0.02698607,1519,1043,S2R80105,27
28,852,891,379.0,78.6274163722992,11.53182902034099,0.7703730177542346,0.932349323493235,0.9996090616680006,159.77719,0.05182263,88.81137,0.038495205,100.47254,0.03568377,265.73615,0.031826094,1002,1041,S2R80105,28
29,681,879,189.0,52.14213538169861,8.48528137423857,0.8735626204580168,0.9792746113989638,0.9996537302295118,152.59949,0.15882531,90.027016,0.104651034,102.40718,0.10821175,267.48138,0.07179931,831,1029,S2R80105,29
30,561,874,95.0,46.82842707633972,5.692582403567252,0.5443952514428773,0.7983193277310925,0.4148913079625764,170.77623,0.036915142,78.52616,0.034890287,89.80771,0.02944217,241.85452,0.020451065,711,1024,S2R80105,30
31,618,874,343.0,70.28427064418793,10.770329614269007,0.8725447288286424,0.9689265536723164,0.9998140898826201,151.26764,0.15317395,90.70712,0.09400278,100.771774,0.084909625,259.05597,0.047322765,768,1024,S2R80105,31
32,519,867,104.0,39.65685415267944,6.708203932499369,0.8310108289637274,0.985781990521327,0.9980154652391634,162.8647,0.097105764,85.811226,0.062981956,96.66575,0.07164123,255.94809,0.047844782,669,1017,S2R80105,32
33,919,870,136.0,57.31370830535889,7.245606220104248,0.5202735581380885,0.7884057971014493,0.9980296853683335,170.70451,0.0671723,82.72025,0.053749017,93.84566,0.04996082,251.34155,0.028172469,1069,1020,S2R80105,33
34,161,871,278.0,63.79898929595947,10.246834584086285,0.8582761859210724,0.9754385964912281,0.9998357608832363,154.0135,0.059611022,84.59869,0.05253749,95.41891,0.053291474,251.35136,0.040131297,311,1021,S2R80105,34
35,880,866,348.0,70.62741661071777,10.793491720330488,0.8766827593162495,0.9775280898876404,0.9998970491867296,151.86978,0.13937244,94.66958,0.08371501,105.77644,0.06098351,276.38147,0.05196643,1030,1016,S2R80105,35
36,903,859,113.5,41.071067690849304,6.4031242374328485,0.8455391860810836,0.9826839826839827,0.9324674606774717,163.34729,0.0595882,87.67232,0.04199878,101.10281,0.0440452,264.37616,0.02016225,1053,1009,S2R80105,36
37,1292,861,455.5,81.69848430156708,12.206555615733702,0.8575713162878794,0.965042372881356,0.9999212766429768,151.33507,0.11918705,89.76805,0.07330057,100.76054,0.06783555,269.4589,0.04714375,1442,1011,S2R80105,37
38,1229,859,348.0,72.28427064418793,10.770329614269007,0.8369538305303533,0.96398891966759,0.9998977597918679,152.12389,0.12507465,90.08295,0.079020955,101.32464,0.065911405,265.07635,0.034128346,1379,1009,S2R80105,38
39,1150,863,985.0,155.0538226366043,17.592330848745014,0.5148505004850672,0.7985407377381435,0.9999887871816491,164.5509,0.04537048,86.64712,0.03710221,97.86837,0.03915064,263.8121,0.025066921,1300,1013,S2R80105,39
40,1175,882,967.5,151.49747359752655,17.72004514666935,0.5297244962949846,0.8116610738255033,0.9999353022508483,165.00452,0.03834785,86.1301,0.0386461,96.73194,0.031652246,261.29306,0.025892641,1325,1032,S2R80105,40
41,990,855,444.0,81.94112467765808,11.53182902034099,0.8309769801483704,0.9527896995708155,0.999923442618762,153.7989,0.09913172,91.280876,0.060021143,102.359505,0.054836165,263.11224,0.031372342,1140,1005,S2R80105,41
42,1003,872,198.0,54.14213538169861,8.54400374531753,0.8487978939869842,0.9682151589242054,0.999678162472943,157.88606,0.107560985,90.22896,0.06007604,100.04151,0.06533747,262.0787,0.039986953,1153,1022,S2R80105,42
43,454,847,91.0,36.485281229019165,5.830951894845301,0.8590448924817606,0.9837837837837838,0.9985086143724242,165.24562,0.067126565,86.96685,0.04705416,95.97192,0.050776597,258.01556,0.025587495,604,997,S2R80105,43
44,191,846,122.0,48.485281229019165,6.555664084966109,0.6521535410068775,0.8591549295774648,0.9985033100289636,169.25165,0.027694277,81.037445,0.031129427,91.45355,0.028037801,246.35692,0.015985474,341,996,S2R80105,44
45,670,846,358.0,77.45584344863892,11.442519899109287,0.74986747303129,0.9310793237971391,0.9956994044183535,162.32185,0.051157005,87.78978,0.03927756,98.86063,0.043827433,263.6136,0.027716931,820,996,S2R80105,45
46,157,834,88.0,46.82842707633972,5.061552812808831,0.5042819171260337,0.775330396475771,0.9976130498153601,167.13075,0.026829857,81.78761,0.02246433,91.973946,0.02503268,245.3389,0.01706245,307,984,S2R80105,46
47,1397,837,322.5,74.72792184352875,10.0,0.7257278227986388,0.9293948126801153,0.999882703197387,160.20155,0.045604926,83.976814,0.035479918,95.12332,0.037014686,261.8233,0.02897893,1547,987,S2R80105,47
48,1033,832,209.0,56.14213514328003,8.54400374531753,0.8332557122421276,0.9698375870069605,0.9993745574677296,158.45418,0.09567175,90.037636,0.06439865,100.26761,0.059231114,265.6284,0.028699912,1183,982,S2R80105,48
49,1035,853,514.0,99.11269783973694,13.0,0.6575282059978269,0.8675105485232067,0.9999575688520614,160.97795,0.050553814,87.926155,0.03887084,99.36617,0.03870281,265.45096,0.026545443,1185,1003,S2R80105,49
50,544,825,100.0,37.31370830535889,5.830951894845301,0.902553676600567,0.9900990099009901,0.99876532285778,164.85818,0.064987466,85.22166,0.05833833,97.62975,0.058742255,261.46252,0.045457892,694,975,S2R80105,50
51,756,822,156.5,52.72792184352875,6.708203932499369,0.7073639066680959,0.9098837209302325,0.9995568239769649,168.3175,0.039830364,87.33399,0.03219916,100.109634,0.032184184,270.58862,0.020570954,906,972,S2R80105,51
52,1304,823,262.5,68.38477563858032,9.353188718899013,0.7053754152910212,0.8959044368600683,0.9998252285563495,160.97429,0.050154235,85.23293,0.039073784,96.52867,0.03268639,265.49954,0.029285068,1454,973,S2R80105,52
53,1286,827,210.5,56.041630148887634,8.51464255977805,0.8422488854078207,0.9611872146118722,0.9984323245320144,158.83107,0.043751482,85.834114,0.032734443,98.787994,0.035218168,268.99194,0.02264007,1436,977,S2R80105,53
54,1273,838,153.0,48.97056245803833,7.0710678118654755,0.8017354932177658,0.9503105590062112,0.9665293232822741,159.48334,0.041661166,87.1784,0.034906007,97.84973,0.031129219,269.07117,0.018823398,1423,988,S2R80105,54
55,871,815,112.5,43.071067690849304,6.363839778884804,0.7620634125162311,0.9375,0.9985554050452098,168.71065,0.032092884,85.95228,0.028111931,99.65729,0.027879888,261.6733,0.02127491,1021,965,S2R80105,55
56,827,818,155.5,52.72792184352875,7.211102550927978,0.7028440095008877,0.8988439306358381,0.9989513400211327,161.23502,0.04810794,88.583496,0.03428799,101.43815,0.03809185,272.2279,0.028436648,977,968,S2R80105,56
57,1089,819,383.5,74.04163014888763,11.35773137498807,0.8790696546071473,0.979565772669221,0.9975304455785019,150.09027,0.1430073,90.75747,0.083208874,102.307304,0.07316877,260.56058,0.025701804,1239,969,S2R80105,57
58,1497,805,197.0,54.14213538169861,8.773298588520893,0.8445110359365448,0.9704433497536946,0.99956028006027,156.87646,0.04156036,84.22337,0.043882806,96.05298,0.030848306,266.02692,0.024045665,1647,955,S2R80105,58
59,1492,818,169.5,53.21320307254791,8.06225774829855,0.7522128774070287,0.9137466307277629,0.99941445632335,152.45334,0.093364924,86.20321,0.06812102,97.89151,0.0626824,261.37823,0.051777925,1642,968,S2R80105,59
60,779,799,442.0,91.79898953437805,13.601470508735444,0.6591076188052193,0.911340206185567,0.9999414474100939,167.2923,0.037229154,88.375496,0.03705555,99.7839,0.036725413,273.22845,0.026996916,929,949,S2R80105,60
61,1394,794,234.5,58.3847758769989,8.573164506180078,0.8644770660623583,0.9710144927536232,0.9997401365674663,154.98747,0.10597219,86.49994,0.057606563,97.578224,0.064765416,267.27206,0.040575143,1544,944,S2R80105,61
62,674,789,165.5,55.55634868144989,8.573164506180078,0.6738146858303249,0.8897849462365591,0.9995418706468853,173.82353,0.031851202,85.62533,0.027225003,97.15749,0.030458774,263.57706,0.018393604,824,939,S2R80105,62
63,1416,790,263.0,61.79898965358734,9.460407056280872,0.8653720471429553,0.9776951672862454,0.9997827850576163,150.89209,0.12894365,88.11648,0.08191079,99.282906,0.07607169,269.41193,0.050233208,1566,940,S2R80105,63
64,891,789,233.5,60.3847758769989,8.94427190999916,0.8047145085517718,0.9491869918699187,0.9947597205926498,160.72688,0.049760707,89.96845,0.036543082,101.488846,0.030849002,275.68054,0.025664566,1041,939,S2R80105,64
65,1180,783,117.0,52.485281229019165,5.0,0.533728837611655,0.8447653429602888,0.9993991053627787,171.82034,0.04305903,80.106064,0.040035613,91.98596,0.04011462,256.11786,0.033677626,1330,933,S2R80105,65
66,202,798,923.5,142.18376553058624,18.0,0.5740460598782584,0.8543015726179464,0.9999866165854344,164.51077,0.04156815,85.49342,0.036671802,96.62152,0.035055775,257.7966,0.024381017,352,948,S2R80105,66
67,918,783,117.5,42.72792172431946,6.4031242374328485,0.8087684328798469,0.9475806451612904,0.9970069358436311,164.177,0.043657117,88.78785,0.037268475,100.25962,0.03044681,272.12625,0.02277214,1068,933,S2R80105,67
68,935,794,367.5,73.21320307254791,11.313708498984761,0.8615656828710011,0.9722222222222222,0.999900259019592,153.25694,0.116252005,92.356155,0.07382157,103.799904,0.06298044,277.67105,0.040714927,1085,944,S2R80105,68
69,984,784,343.0,71.11269760131836,10.770329614269007,0.8523337330095271,0.9594405594405594,0.9998009456254929,154.14694,0.11676245,91.012436,0.064109795,102.218376,0.061873287,266.68887,0.025049504,1134,934,S2R80105,69
70,608,774,123.0,47.31370830535889,6.203658925317489,0.6904639355012696,0.8978102189781022,0.9947803050798582,169.53293,0.056055717,87.720894,0.04639932,98.13712,0.03688697,268.61142,0.02953986,758,924,S2R80105,70
71,433,777,476.0,91.11269819736481,12.767085268111776,0.7205415025167731,0.9118773946360154,0.9998885291175241,160.67538,0.06734316,87.517,0.047270242,98.854866,0.044724643,265.4152,0.03226742,583,927,S2R80105,71
72,747,765,75.5,33.071067690849304,5.385164807134504,0.8674818224861485,0.9869281045751634,0.9597495869682408,165.34691,0.04407503,88.20457,0.037779253,98.16729,0.032783464,270.58136,0.02156243,897,915,S2R80105,72
73,376,768,256.5,60.3847758769989,9.219544457292887,0.8839797492228244,0.9827586206896551,0.998675716280192,157.84691,0.10105487,89.05455,0.06645194,100.24545,0.058178566,266.01733,0.04902341,526,918,S2R80105,73
74,1426,762,272.0,70.14213538169861,9.899494936611665,0.6947375960443561,0.8947368421052632,0.999679253867641,162.584,0.04317892,84.47094,0.03346823,95.69687,0.032494973,264.26385,0.022399044,1576,912,S2R80105,74
75,965,760,192.0,59.31370830535889,8.246211251235321,0.6858054603098395,0.909952606635071,0.9994486705254501,164.51463,0.06451153,85.905304,0.06067864,98.18967,0.04416851,268.09357,0.044433016,1115,910,S2R80105,75
76,481,756,135.0,48.485281229019165,7.175588850572996,0.7216453117699053,0.9183673469387755,0.9975972444417932,168.77434,0.041758597,85.23951,0.032958854,96.43841,0.034952328,260.0164,0.021999234,631,906,S2R80105,76
77,592,758,348.5,72.3847758769989,10.723399819563308,0.8358304299105661,0.9653739612188366,0.9996817775430669,154.44182,0.10924034,91.8167,0.060493175,102.57409,0.054334197,275.99738,0.037908863,742,908,S2R80105,77
78,1389,755,366.5,72.87005710601807,11.045361017187261,0.8673325060455498,0.9708609271523179,0.999903052933789,154.2189,0.11905031,86.82771,0.074835815,100.004875,0.058191344,259.4542,0.02427937,1539,905,S2R80105,78
79,1061,751,215.5,57.55634868144989,8.999828524068288,0.8174678260468715,0.9577777777777777,0.999720638473794,160.2998,0.053771887,86.74906,0.03858899,99.25722,0.033756968,270.3622,0.028039234,1211,901,S2R80105,79
80,137,750,103.5,44.24264061450958,5.894144522283677,0.6644589171300577,0.8922413793103449,0.9987860752200249,168.74892,0.029819937,84.83836,0.026094675,96.25362,0.027383687,259.4083,0.019846782,287,900,S2R80105,80
81,683,744,155.0,47.31370830535889,7.810249675906654,0.8700968292902178,0.9841269841269841,0.9994264922698023,160.46129,0.13009931,89.95825,0.080059394,101.86128,0.08048987,277.48615,0.05904046,833,894,S2R80105,81
82,242,742,103.0,46.485281229019165,6.082762530298219,0.598985298630877,0.8477366255144033,0.9984856418388514,171.79468,0.031055223,84.60319,0.03618394,95.61256,0.031328533,261.06137,0.016121099,392,892,S2R80105,82
83,405,745,354.5,71.21320295333862,10.816653826391969,0.8784257631808786,0.9792817679558011,0.9964436915346604,152.1597,0.12869705,90.558426,0.08107752,100.76925,0.069987744,265.40756,0.03575982,555,895,S2R80105,83
84,1432,742,245.0,58.97056245803833,9.219544457292887,0.8853304635832892,0.9819639278557114,0.9997906373999041,154.05289,0.118747406,87.23405,0.07416926,99.33501,0.067154124,273.97485,0.04436443,1582,892,S2R80105,84
85,887,746,446.0,82.76955139636993,12.083045973594572,0.8180945886549766,0.948936170212766,0.9995255629377382,153.79283,0.12818389,90.6075,0.079989105,103.231285,0.06982474,273.6158,0.03970526,1037,896,S2R80105,85
86,1259,739,355.0,79.11269772052765,11.090169943749475,0.7127641189850256,0.9067688378033205,0.9998978359649143,161.15553,0.05443961,86.0587,0.033887494,97.37622,0.033318948,272.02734,0.025709527,1409,889,S2R80105,86
87,871,733,88.0,36.485281229019165,5.830951894845301,0.8307247311911531,0.9777777777777777,0.9976789307914194,168.86513,0.030512998,84.1261,0.031872213,96.53054,0.033372458,267.04764,0.02335553,1021,883,S2R80105,87
88,513,729,57.5,29.071067690849304,4.47213595499958,0.8549795832563577,0.9745762711864406,0.8490677364392588,170.47577,0.044672158,83.82805,0.034219775,93.17024,0.04402168,257.45633,0.03287349,663,879,S2R80105,88
89,1455,727,81.0,34.485281229019165,5.656854249492381,0.8559084989694443,0.9759036144578314,0.9964620276278006,165.0034,0.036069646,82.65145,0.03206787,95.49335,0.024374213,269.29245,0.02192551,1605,877,S2R80105,89
90,541,728,399.0,75.45584344863892,11.661903789690601,0.8806371525653088,0.981549815498155,0.998534620041886,152.51584,0.12674518,89.44938,0.08197721,101.45038,0.06640391,267.16138,0.038923945,691,878,S2R80105,90
91,317,726,317.0,66.62741649150848,10.63014581273465,0.8973527105521416,0.9860031104199067,0.9998663494599309,153.44695,0.14037973,88.545944,0.07434417,101.30366,0.07006245,254.33281,0.02225579,467,876,S2R80105,91
92,162,722,196.0,55.79898941516876,8.154234499766936,0.791067001048704,0.9289099526066351,0.996811781017007,160.28886,0.06178316,89.25711,0.04785812,100.012054,0.035115574,271.2202,0.029361015,312,872,S2R80105,92
93,1197,716,450.0,91.4558435678482,12.509213758763249,0.6760821315448213,0.8737864077669902,0.9998705956414061,164.95372,0.04316155,84.25536,0.03340563,95.552155,0.029865485,270.52954,0.02719999,1347,866,S2R80105,93
94,1283,710,272.5,73.55634891986847,8.573164506180078,0.6329013793114221,0.8818770226537217,0.9998418548701478,166.00056,0.04287035,84.07952,0.027079463,96.71237,0.030898977,261.3887,0.02111077,1433,860,S2R80105,94
95,1012,700,388.5,77.21320295333862,11.40175425099138,0.8188752607853462,0.955719557195572,0.999865897805761,154.5645,0.09780756,88.736694,0.06668311,101.88706,0.05674306,272.5526,0.030880231,1162,850,S2R80105,95
96,1004,721,277.5,65.21320307254791,9.924428900898052,0.8199772205443525,0.9536082474226805,0.9983714929645189,156.79929,0.0958533,89.225716,0.06318425,101.57259,0.059081364,271.47363,0.03168189,1154,871,S2R80105,96
97,986,727,326.0,76.62741649150848,10.462887976860825,0.6976845361161742,0.8846675712347354,0.9998557995340938,166.03197,0.05255221,85.036674,0.04126896,97.51511,0.038918126,271.32968,0.029127462,1136,877,S2R80105,97
98,1322,702,468.0,92.28427052497864,12.42783312820361,0.6905583005076111,0.899135446685879,0.999514288073363,163.0093,0.04338627,84.66198,0.03779582,97.0278,0.03369076,272.03772,0.023771288,1472,852,S2R80105,98
99,343,696,386.0,80.62741649150848,10.770329614269007,0.7461595132715406,0.9179548156956004,0.9974354977014308,160.96118,0.059356265,84.766464,0.049461525,96.752945,0.04645346,265.17468,0.03173574,493,846,S2R80105,99
100,1156,682,110.0,41.31370830535889,6.324555320336759,0.8098679109790748,0.9649122807017544,0.9988148218932498,167.6164,0.0391926,83.07549,0.040051274,95.54108,0.02694545,266.28238,0.029722905,1306,832,S2R80105,100
101,1067,680,256.0,61.79898953437805,9.219544457292887,0.8423393343090214,0.9642184557438794,0.9997543968174964,156.92252,0.10079837,88.88971,0.07077061,99.88904,0.0698166,278.17215,0.04494354,1217,830,S2R80105,101
102,1260,677,235.5,57.2132031917572,9.081908183646023,0.9040828874508463,0.9853556485355649,0.9997746884342084,158.44344,0.11347177,88.076775,0.06986422,99.405785,0.06114027,271.9247,0.038547743,1410,827,S2R80105,102
103,852,677,500.5,96.87005710601807,12.841455262053787,0.6702469313951415,0.9018018018018018,0.9999160280840745,166.81323,0.04395831,83.57059,0.043503355,95.11287,0.045327913,267.82327,0.026163332,1002,827,S2R80105,103
104,668,674,282.5,64.04163002967834,9.848857801796104,0.8655727221068017,0.9641638225255973,0.9998435712176093,155.44173,0.15321796,91.069565,0.09138471,102.311714,0.08119166,280.42154,0.06385511,818,824,S2R80105,104
105,452,675,484.0,81.9411244392395,12.649110640673518,0.9058397764240502,0.9847405900305188,0.9865457219745224,152.62102,0.12998341,87.38815,0.08689744,98.3765,0.08268007,267.78604,0.05269164,602,825,S2R80105,105
106,617,671,272.5,68.3847758769989,8.97213595499958,0.7322468545772085,0.9144295302013423,0.9997985285356663,163.50194,0.05411718,85.51963,0.038306113,97.59472,0.044657167,269.42563,0.02962179,767,821,S2R80105,106
107,719,671,489.5,93.69848418235779,13.0,0.7006440366374003,0.9048059149722736,0.999584207740315,156.95477,0.124498285,89.095924,0.07555917,101.8135,0.07466196,277.82404,0.04463543,869,821,S2R80105,107
108,562,673,343.0,78.28427052497864,10.605318061589779,0.7033232365412734,0.9183400267737617,0.9987334659584899,154.35252,0.117973596,86.84217,0.08673602,99.42889,0.07395504,263.96027,0.035865124,712,823,S2R80105,108
109,572,688,354.0,74.28427064418793,10.723399819563308,0.806156571991074,0.945260347129506,0.9997633391030348,159.36813,0.10841375,87.54199,0.07384156,98.43869,0.06678449,266.04248,0.03623371,722,838,S2R80105,109
110,547,689,101.0,44.485281229019165,6.576915171081847,0.6413551064008685,0.8898678414096917,0.9982411266198965,169.94722,0.029218832,81.56482,0.0266666,93.37154,0.029688904,257.74506,0.018054735,697,839,S2R80105,110
111,593,689,340.5,78.3847758769989,10.770329614269007,0.6964076584446603,0.9043824701195219,0.9997204826720055,162.71649,0.04512847,86.208,0.0346798,97.907455,0.036269438,269.9125,0.026334126,743,839,S2R80105,111
112,955,659,295.5,68.38477599620819,10.0,0.7940511734795435,0.9410828025477707,0.9998593932516526,162.08147,0.04824244,85.56618,0.042532373,97.392975,0.035966452,271.4617,0.023774775,1105,809,S2R80105,112
113,846,651,60.0,29.656854152679443,5.0,0.8572568253872993,0.9836065573770492,0.996587418951177,173.01982,0.04608729,81.47328,0.04055635,94.73398,0.0509023,264.5272,0.025676968,996,801,S2R80105,113
114,1099,656,251.5,67.21320307254791,9.137464797715152,0.6995820675914568,0.8918439716312057,0.9997811530023588,162.81369,0.05982402,84.92755,0.04677615,97.32667,0.042276487,264.24246,0.019803219,1249,806,S2R80105,114
115,1111,665,215.0,62.28427064418793,8.246211251235321,0.6964525896543239,0.8847736625514403,0.9995810376188613,163.49689,0.044593018,85.884895,0.042092204,96.849495,0.034926806,271.5869,0.024707783,1261,815,S2R80105,115
116,1356,645,147.0,46.14213526248932,7.211102550927978,0.8676245314069986,0.9767441860465116,0.9927748807667803,161.91075,0.072970144,85.77323,0.04771772,97.761604,0.04781027,275.6291,0.034239303,1506,795,S2R80105,116
117,1034,644,243.5,64.38477599620819,9.219544457292887,0.738146307277153,0.9188679245283019,0.5745512708524567,162.81335,0.053243604,84.57566,0.042958602,96.68776,0.0394459,272.71274,0.032154806,1184,794,S2R80105,117
118,1039,660,166.0,48.97056221961975,7.615773105863909,0.8698568181049493,0.9736070381231672,0.9995502563516586,166.2912,0.07284182,84.375984,0.048861757,95.268394,0.05421339,269.27975,0.036196206,1189,810,S2R80105,118
119,1314,646,321.5,69.6984840631485,10.700237713501828,0.8316568646653628,0.946980854197349,0.9998140582981859,155.12027,0.100376554,88.48271,0.056443233,100.78806,0.05280118,277.8885,0.033296246,1464,796,S2R80105,119
120,1299,658,305.0,65.45584344863892,10.0,0.8945669653572251,0.9775641025641025,0.93722212676889,157.07309,0.09474094,88.19838,0.05794132,99.55701,0.05381491,272.3336,0.02396894,1449,808,S2R80105,120
121,74,645,293.5,69.55634891986847,9.219544457292887,0.762332464330901,0.9392,0.9988888378222008,162.85922,0.051505152,88.76045,0.031748846,99.03295,0.038158495,265.94745,0.026888458,224,795,S2R80105,121
122,1550,641,266.0,62.97056233882904,9.219544457292887,0.8429782266688679,0.9743589743589743,0.9998172912794252,153.57954,0.11210009,86.331184,0.07999194,96.82414,0.069115266,267.88962,0.039165657,1700,791,S2R80105,122
123,627,641,382.0,77.79898941516876,11.180339887498949,0.7930951893184455,0.9526184538653366,0.9997019937854501,158.68515,0.08840008,87.860634,0.059791774,99.53289,0.05292517,272.65326,0.037501805,777,791,S2R80105,123
124,198,631,340.5,77.21320307254791,10.63014581273465,0.7177014811749023,0.908,0.9997993742924843,161.83688,0.055911176,84.21904,0.043542035,95.32028,0.044010594,265.53387,0.030981999,348,781,S2R80105,124
125,1407,628,213.5,59.899494767189026,8.154234499766936,0.7477586142398615,0.9323144104803494,0.9989893432775153,162.809,0.052088935,84.70628,0.030113304,96.86457,0.03422602,273.97113,0.02845978,1557,778,S2R80105,125
126,1157,627,223.0,56.97056245803833,8.602325267042627,0.8634033168790048,0.971677559912854,0.9997292593272624,157.83376,0.12757097,87.007645,0.08182295,99.77709,0.07663892,278.9653,0.053583313,1307,777,S2R80105,126
127,1430,625,225.0,57.79898941516876,8.602325267042627,0.8463536899273454,0.9656652360515021,0.9992756647026265,160.65105,0.05851625,85.21827,0.04906428,97.01468,0.039447486,270.6101,0.025241917,1580,775,S2R80105,127
128,798,622,254.0,62.97056221961975,8.97213595499958,0.8049491367841289,0.9477611940298507,0.9990693113644397,165.80168,0.058654938,85.92893,0.04703603,96.89412,0.044711232,272.3994,0.027096316,948,772,S2R80105,128
129,809,638,196.5,54.72792184352875,8.273769561268558,0.8244313620154625,0.960880195599022,0.9770239292798516,163.37381,0.03879151,87.09461,0.02962942,97.049194,0.034609076,273.4926,0.018758055,959,788,S2R80105,129
130,826,639,340.0,74.62741672992706,10.63014581273465,0.7671706226595364,0.9340659340659341,0.9998916639947346,157.43578,0.089824624,88.12543,0.060014825,99.60519,0.05777047,274.72928,0.03622924,976,789,S2R80105,130
131,1196,621,304.0,72.28427052497864,10.63014581273465,0.7311320842541345,0.8967551622418879,0.9983707113397301,163.97699,0.06216555,85.31026,0.052313805,96.55744,0.041867223,272.30685,0.02833067,1346,771,S2R80105,131
132,1215,633,336.0,76.97056245803833,10.5352261608226,0.7126886149749173,0.9281767955801105,0.922619424220706,164.70312,0.05312941,85.10503,0.039024964,97.57127,0.039997526,274.2137,0.025151318,1365,783,S2R80105,132
133,1183,648,108.0,40.1421355009079,6.117038066139075,0.842233815687291,0.9773755656108597,0.9986197835347201,166.28075,0.033760987,84.555824,0.021757942,96.58784,0.023481905,261.77274,0.019705111,1333,798,S2R80105,133
134,1201,653,368.5,74.04163002967834,11.180339887498949,0.8446862288548403,0.9559014267185474,0.9986290399790098,159.90723,0.07872991,87.26827,0.055165425,98.59689,0.0524745,276.9455,0.0343182,1351,803,S2R80105,134
135,1337,614,65.0,30.485281229019165,5.0,0.8789067687170231,0.9848484848484849,0.9944996778084016,173.36333,0.036335148,82.23876,0.02905377,95.07381,0.04019564,269.7754,0.021171696,1487,764,S2R80105,135
136,1283,614,52.0,27.656854152679443,4.242640687119285,0.854294575467492,0.9811320754716981,0.9954872210248087,174.79683,0.03692102,82.54913,0.034454454,94.63575,0.038518585,269.3595,0.02915874,1433,764,S2R80105,136
137,1310,618,342.5,70.38477599620819,10.770329614269007,0.8687863208730562,0.9799713876967096,0.999646832023935,154.02911,0.12812407,90.049614,0.07069414,101.210785,0.065478005,282.6448,0.04566438,1460,768,S2R80105,137
138,820,612,161.5,47.55634868144989,7.141085181396727,0.8973572696089042,0.9877675840978594,0.9994199206479567,164.94353,0.07610705,85.75318,0.055318255,96.55372,0.0557062,271.10284,0.03258759,970,762,S2R80105,138
139,1118,615,400.0,78.62741649150848,11.313708498984761,0.8130585914704646,0.9523809523809523,0.9877769406489507,162.28029,0.07658202,85.57606,0.05688231,96.50152,0.05767405,272.41016,0.034814443,1268,765,S2R80105,139
140,1101,626,196.0,54.97056233882904,8.154234499766936,0.8150900204628487,0.9584352078239609,0.9996255144722523,166.70287,0.050135992,83.75401,0.034186784,95.142,0.02989144,269.92526,0.030365776,1251,776,S2R80105,140
141,110,596,103.0,50.82842707633972,5.41547594742265,0.5009954112195153,0.8373983739837398,0.9993078413882385,175.74763,0.029110422,80.211525,0.027258847,89.39976,0.028283441,255.44156,0.019610804,260,746,S2R80105,141
142,62,608,660.5,115.69848430156708,14.158910531638178,0.6200509066556777,0.8628347485303723,0.9999513723422061,163.08449,0.052601803,87.28767,0.042258106,98.52381,0.041855436,264.4898,0.03217911,212,758,S2R80105,142
143,1153,593,123.0,46.485281229019165,6.8896358721824225,0.7152931236077463,0.9111111111111111,0.9989385514636677,172.49062,0.03922272,83.03339,0.03988907,93.42536,0.031535935,268.8026,0.01987997,1303,743,S2R80105,143
144,1170,602,148.5,51.071067690849304,7.440658743886065,0.7154617872218393,0.928125,0.9993279089961308,167.22238,0.049372822,84.47151,0.047448497,95.94796,0.03954248,269.0029,0.026972407,1320,752,S2R80105,144
145,1374,591,98.0,38.485281229019165,5.830951894845301,0.8314700508040701,0.9702970297029703,0.9969813557737472,165.2266,0.05051289,85.7978,0.040340446,96.582405,0.041192774,271.9869,0.027197355,1524,741,S2R80105,145
146,917,593,140.0,51.65685415267944,6.555664084966109,0.659298352585647,0.875,0.9992364719987891,170.25476,0.033058908,82.70098,0.028327677,93.309425,0.025573805,264.3343,0.01994238,1067,743,S2R80105,146
147,604,590,165.5,48.72792184352875,7.810249675906654,0.8758950707996376,0.9851190476190477,0.999213562232689,164.4841,0.08274283,85.69665,0.052459735,97.848465,0.055623293,267.9201,0.03330597,754,740,S2R80105,147
148,372,588,90.5,37.071067690849304,6.082762530298219,0.827538588773873,0.9783783783783784,0.9974629085257566,165.5749,0.0602026,83.646286,0.034317914,94.95126,0.043202378,262.98892,0.022557426,522,738,S2R80105,148
149,768,590,340.5,70.04163014888763,10.63014581273465,0.8721968014353818,0.9728571428571429,0.9994046782430175,156.86708,0.12608309,89.83499,0.07416292,100.308426,0.067520425,277.34756,0.048206456,918,740,S2R80105,149
150,1497,587,199.5,53.55634880065918,8.246211251235321,0.8740390600685256,0.9803439803439803,0.9979018752237959,153.45552,0.14504917,86.26688,0.08039709,96.89464,0.07793252,270.58957,0.035939094,1647,737,S2R80105,150
151,1136,584,143.5,48.24264061450958,7.141085181396727,0.7748178590073604,0.9630872483221476,0.9993652219594045,168.67421,0.023773545,82.06499,0.027831275,93.82273,0.01840557,267.19937,0.017480252,1286,734,S2R80105,151
152,1114,586,316.5,74.72792184352875,10.198039027185569,0.7122259098163385,0.9160636758321273,0.9986010434916399,166.70903,0.04530066,82.810234,0.033530686,94.540344,0.036452353,268.0702,0.02707102,1264,736,S2R80105,152
153,1189,588,302.5,66.38477575778961,10.099019513592784,0.8625777627466302,0.971107544141252,0.9998513847171507,158.51476,0.07897445,86.72145,0.06059281,98.4353,0.047607273,273.46274,0.037271045,1339,738,S2R80105,153
154,671,584,337.0,78.28427076339722,10.246834584086285,0.6910202019553863,0.9232876712328767,0.9998993552986911,164.18304,0.04269734,86.13564,0.030695401,98.04412,0.03571058,271.03888,0.024146697,821,734,S2R80105,154
155,655,593,326.0,69.4558435678482,10.246834584086285,0.8491998003327693,0.9616519174041298,0.9982389932914832,163.32077,0.04352621,85.81698,0.039047755,97.780396,0.028524224,265.75815,0.018737465,805,743,S2R80105,155
156,548,579,256.0,78.14213538169861,8.773298588520893,0.5268406530267037,0.7962674961119751,0.9996912404282666,166.89801,0.0440782,85.61244,0.03697587,97.21438,0.03563049,271.05154,0.024819652,698,729,S2R80105,156
157,574,576,348.5,70.52691125869751,10.63014581273465,0.8804463917637545,0.9721059972105998,0.9997860654781056,157.18457,0.09185678,89.322205,0.05573023,99.74835,0.04741836,272.85333,0.029028798,724,726,S2R80105,157
158,944,573,464.5,82.87005710601807,12.36931687685298,0.8499635585546121,0.9646936656282451,0.9999392753397645,157.30595,0.09933395,87.57513,0.061571162,98.973434,0.06302951,270.29263,0.030828893,1094,723,S2R80105,158
159,1323,565,241.0,62.14213538169861,8.85241291576573,0.7842500608062065,0.9563492063492064,0.9992557780929053,162.90071,0.03935783,86.22376,0.030326609,97.22439,0.02793851,278.65945,0.025104964,1473,715,S2R80105,159
160,826,569,391.0,75.45584380626678,11.180339887498949,0.8629802591205396,0.9750623441396509,0.9998427348934036,156.96312,0.11273539,88.70561,0.06441692,100.58962,0.06185996,275.62946,0.04139225,976,719,S2R80105,160
161,756,560,84.0,36.485281229019165,5.521009528313442,0.7929645161370098,0.9491525423728814,0.9369859713740931,172.36217,0.037183695,84.727776,0.03135444,94.27004,0.030869082,262.4999,0.020186115,906,710,S2R80105,161
162,1165,562,150.5,47.55634891986847,7.211102550927978,0.8362369518390116,0.9525316455696202,0.9987360187682793,164.75461,0.051167857,83.00132,0.04422806,95.182365,0.038345717,269.49667,0.03446143,1315,712,S2R80105,162
163,1261,556,188.0,54.97056233882904,8.06225774829855,0.7818210400357938,0.9543147208121827,0.9986597691277669,165.10359,0.033685192,85.21395,0.02916981,95.96229,0.029808603,272.71136,0.019192098,1411,706,S2R80105,163
164,667,556,182.0,53.31370830535889,8.06225774829855,0.8046434289458958,0.9629629629629629,0.9996371189096827,165.55086,0.04166613,87.23723,0.038259618,97.82051,0.03518868,273.41702,0.025628338,817,706,S2R80105,164
165,1121,559,275.0,71.31370830535889,9.559519696952275,0.679511040233236,0.9105960264900662,0.9998220948899711,166.06985,0.039565265,83.13268,0.036513545,94.901085,0.032533698,270.51062,0.024393573,1271,709,S2R80105,165
166,1089,558,282.0,65.4558435678482,9.486832980505138,0.8271078141372734,0.9543147208121827,0.9988877834045296,161.5573,0.0617356,84.76915,0.041227326,96.53657,0.045589924,262.2297,0.023443926,1239,708,S2R80105,166
167,626,552,215.5,59.071067690849304,8.573164506180078,0.7760817970233337,0.9620535714285714,0.9991645309460864,164.1242,0.047421947,87.49691,0.044481795,97.382286,0.035909835,271.93054,0.028263394,776,702,S2R80105,167
168,1484,552,288.0,71.79898953437805,9.949747468305834,0.702046190891423,0.895800933125972,0.99972708418249,162.0155,0.064571165,85.56331,0.049355194,97.009186,0.03696575,274.47305,0.03036285,1634,702,S2R80105,168
169,477,549,210.5,55.55634891986847,8.48528137423857,0.8570271308150786,0.967816091954023,0.9997196896944582,158.10559,0.12070917,90.252426,0.082880884,99.74605,0.062011868,276.47488,0.037684184,627,699,S2R80105,169
170,458,546,134.0,48.14213514328003,6.082762530298219,0.7265474235232494,0.9305555555555556,0.8993144312194498,168.76389,0.035394877,85.62047,0.03828095,95.77157,0.027701667,270.89175,0.022690162,608,696,S2R80105,170
171,730,542,52.0,27.656854152679443,4.242640687119285,0.854294575467492,0.9811320754716981,0.9954872210248846,180.44923,0.0427253,80.6338,0.028285816,89.796326,0.02894759,258.4501,0.017581623,880,692,S2R80105,171
172,260,549,415.5,85.6984840631485,10.931007421789616,0.7109427222313126,0.8916309012875536,0.9999264264945421,161.75453,0.057036724,82.53172,0.041516844,93.98032,0.039687864,261.342,0.03243388,410,699,S2R80105,172
173,1319,540,257.0,62.97056245803833,9.433981132056603,0.8144564038858576,0.9643527204502814,0.9997828532118168,162.98117,0.049057726,84.61861,0.038271897,97.23667,0.029424353,275.5661,0.02081892,1469,690,S2R80105,173
174,1170,536,390.5,80.87005698680878,11.247024193241856,0.7503353438046514,0.9443772672309553,0.9999122107199664,160.73105,0.08611618,84.70922,0.056515776,96.58189,0.05172919,271.42276,0.03781821,1320,686,S2R80105,174
175,363,541,587.0,100.08326017856598,13.019202405202648,0.7364191567483678,0.938449240607514,0.9991291093334586,158.46068,0.0948905,87.85356,0.062107276,99.792366,0.06496413,272.82492,0.030886298,513,691,S2R80105,175
176,1408,532,242.0,62.627416491508484,9.219544457292887,0.7753472251011944,0.9289827255278311,0.9993572954320266,158.23994,0.081185326,86.98617,0.055467688,97.67757,0.04428314,277.9309,0.030522835,1558,682,S2R80105,176
177,1411,555,315.0,74.62741661071777,10.907845315728135,0.7107610203229465,0.8974358974358975,0.9998643865209281,161.32295,0.071651615,85.86171,0.04380689,98.183975,0.04586091,275.45642,0.027569937,1561,705,S2R80105,177
178,1392,562,400.5,76.52691113948822,11.53182902034099,0.8593775733657607,0.960431654676259,0.9998963911087434,152.82867,0.11788614,89.25418,0.061565097,100.88033,0.051032383,276.03802,0.02990041,1542,712,S2R80105,178
179,643,532,210.0,57.31370830535889,8.543803320640599,0.8033635824191073,0.9567198177676538,0.999713660151221,164.9878,0.042623695,87.41462,0.03417502,97.95739,0.028148392,273.02426,0.020765275,793,682,S2R80105,179
180,658,532,176.0,54.14213538169861,7.615773105863909,0.7544870168773192,0.9263157894736842,0.9993184493830426,163.6435,0.044889223,87.57029,0.035964422,98.07122,0.029805368,274.36493,0.021393964,808,682,S2R80105,180
181,608,531,319.5,74.87005698680878,10.44030650891055,0.7162496110538618,0.8862690707350902,0.9978559711790458,163.92436,0.045814782,87.76254,0.032413397,98.67439,0.030992264,274.45755,0.01957471,758,681,S2R80105,181
182,574,526,173.5,49.899494767189026,8.48528137423857,0.8756227694766092,0.994269340974212,0.9994328034840071,161.20845,0.083912924,87.329025,0.052696936,99.36962,0.045292985,266.23776,0.020316245,724,676,S2R80105,182
183,449,525,149.5,59.071067690849304,7.0710678118654755,0.538395492598554,0.8147138964577657,0.9988682651796702,168.76503,0.027003717,83.86547,0.02510248,95.348854,0.025704624,265.29706,0.017878888,599,675,S2R80105,183
184,869,525,253.5,60.3847758769989,9.433981132056603,0.8736408047874696,0.976878612716763,0.9912356891133178,157.73737,0.12659176,88.47007,0.07489784,99.81301,0.0762901,271.05344,0.030647868,1019,675,S2R80105,184
185,1034,523,239.5,60.72792184352875,9.219544457292887,0.8160909143151119,0.9657258064516129,0.9997856769838293,160.92596,0.065565065,85.72356,0.048281204,96.338905,0.050529543,271.0331,0.025839496,1184,673,S2R80105,185
186,325,520,110.0,40.485281229019165,6.4031242374328485,0.8433507360876418,0.9777777777777777,0.9989867776926006,165.32283,0.05574632,83.99564,0.043784283,94.01426,0.037545346,262.49615,0.020213986,475,670,S2R80105,186
187,1224,521,260.0,75.31370830535889,8.94427190999916,0.5760167972005735,0.8099688473520249,0.9998352053677481,165.84683,0.03904473,83.564445,0.037919287,94.672386,0.029422525,269.23166,0.024811331,1374,671,S2R80105,187
188,695,517,189.5,54.72792184352875,8.246211251235321,0.7950623058622399,0.9570707070707071,0.9990360115745461,163.90733,0.039799206,85.60752,0.033021785,96.518684,0.035401788,259.19382,0.015043198,845,667,S2R80105,188
189,197,518,730.5,119.35533833503723,14.866068747318506,0.6443864325984912,0.8908536585365854,0.9999652892981664,164.1406,0.050661683,83.931114,0.038675617,94.33214,0.033847813,261.9119,0.028779415,347,668,S2R80105,189
190,913,497,108.0,48.0,9.486832980505138,0.5890486225480862,1.0,0.9993829065103363,174.91812,0.02892905,82.88244,0.024476618,93.09711,0.026272245,264.98837,0.017779702,1063,647,S2R80105,190
191,1083,503,309.0,67.11269760131836,10.0,0.8621025944813057,0.965625,0.9856532882130928,160.39165,0.07447171,86.99284,0.04759959,96.72735,0.04537874,268.9486,0.016597841,1233,653,S2R80105,191
192,1375,497,157.5,49.899494767189026,7.0710678118654755,0.7948736956343859,0.9545454545454546,0.9995119508685186,165.36748,0.06622084,83.518654,0.040752728,95.91876,0.03913351,261.81042,0.016779259,1525,647,S2R80105,192
193,1365,511,168.0,50.97056233882904,7.615773105863909,0.8126065071123961,0.9411764705882353,0.9991414499685081,164.02242,0.086245134,84.04358,0.05602004,94.91854,0.052976906,270.22537,0.03318388,1515,661,S2R80105,193
194,468,500,355.5,70.87005710601807,10.816653826391969,0.8894548420088931,0.9753086419753086,0.9998873780061758,154.71162,0.14104673,90.58334,0.06962605,100.0237,0.06712831,266.25424,0.012388898,618,650,S2R80105,194
195,1107,497,152.0,50.14213538169861,7.211102550927978,0.7597099277249255,0.9240121580547113,0.9990877505023632,167.55986,0.04428639,84.49019,0.037473343,94.46391,0.034653418,267.7078,0.018042853,1257,647,S2R80105,195
196,563,497,268.0,64.6274163722992,9.219544457292887,0.8063267528040701,0.9420035149384886,0.9998198304681934,157.95021,0.08923469,88.05073,0.056240812,98.94126,0.052572295,264.64435,0.011381029,713,647,S2R80105,196
197,688,496,187.0,54.14213538169861,8.06225774829855,0.8016424554321518,0.9540816326530612,0.999476250870685,165.0994,0.039725278,85.3661,0.038108874,95.9337,0.031280532,265.56528,0.01223027,838,646,S2R80105,197
198,1407,488,279.0,68.14213538169861,9.899494936611665,0.7550619568873657,0.9331103678929766,0.9998088708669957,165.06023,0.045487754,85.42274,0.039108608,95.3459,0.0370308,271.1049,0.019494291,1557,638,S2R80105,198
199,1434,489,388.5,74.52691125869751,11.180339887498949,0.8789711937583752,0.9736842105263158,0.9995358717552237,155.22662,0.09959835,87.79389,0.058749154,98.604004,0.049065527,271.60233,0.016184589,1584,639,S2R80105,199
200,1206,483,104.0,38.14213526248932,5.82842712474619,0.8983244070805926,0.9904761904761905,0.9360074429918047,171.59906,0.033823706,83.29393,0.023653109,93.40005,0.024710275,266.00726,0.008625354,1356,633,S2R80105,200
201,748,481,137.0,45.31370830535889,6.708203932499369,0.8384385183184186,0.9647887323943662,0.9993163397497656,165.5472,0.061793458,84.230865,0.048324738,94.79733,0.05192713,259.4065,0.013742852,898,631,S2R80105,201
202,1007,484,378.5,77.21320295333862,10.63014581273465,0.7977973904948612,0.9450686641697877,0.9999154751524312,163.39696,0.082724676,88.56037,0.054724324,97.3599,0.047454137,263.81583,0.01304998,1157,634,S2R80105,202
203,1487,476,118.0,43.31370830535889,6.082762530298219,0.7903894530497485,0.9402390438247012,0.9976898960710608,163.13307,0.07632377,86.047806,0.046935894,96.55931,0.03667942,269.24817,0.012561223,1637,626,S2R80105,203
204,1501,481,244.5,62.38477599620819,8.602325267042627,0.7894624671089249,0.9403846153846154,0.9985102405823045,161.63199,0.057268668,87.80932,0.03538238,97.25385,0.03558646,271.6936,0.013661582,1651,631,S2R80105,204
205,909,474,161.5,61.899494767189026,6.4031242374328485,0.5296734229221596,0.8636363636363636,0.9996257007878874,171.36739,0.03132192,85.98983,0.030223697,94.786415,0.031992733,259.16153,0.008860549,1059,624,S2R80105,205
206,1036,472,227.0,56.97056233882904,8.602325267042627,0.8788903755683939,0.980561555075594,0.9997432959312108,161.87166,0.124565475,90.32665,0.0654987,99.10315,0.06415684,260.1388,0.007736683,1186,622,S2R80105,206
207,983,467,84.5,36.24264061450958,5.385164807134504,0.8084011224374695,0.9825581395348837,0.9965365954955341,171.57869,0.047932923,85.61863,0.035298996,95.245865,0.03468911,257.83432,0.004510419,1133,617,S2R80105,207
208,639,472,368.5,72.04163002967834,11.247024193241856,0.8922371353160624,0.9826666666666667,0.9998974931602945,157.71994,0.11572627,89.160164,0.057229012,98.8708,0.062609024,258.05563,0.010045109,789,622,S2R80105,208
209,1368,470,317.5,67.2132031917572,10.246834584086285,0.8831702014806891,0.9829721362229102,0.9996265386401549,155.01868,0.12489409,87.31748,0.06665464,98.70125,0.059940964,264.3968,0.013344618,1518,620,S2R80105,209
210,1362,486,135.0,46.14213538169861,6.555664084966109,0.7967980349301507,0.9407665505226481,0.9992615685597598,167.66093,0.05969147,83.77003,0.036275968,94.70557,0.045402512,268.5842,0.017871281,1512,636,S2R80105,210
211,1005,462,85.5,38.24264061450958,5.0990195135927845,0.7346495794280951,0.9395604395604396,0.9962342269227793,167.99065,0.026752532,87.05704,0.023473877,96.561676,0.025911773,255.7163,0.0044602924,1155,612,S2R80105,211
212,709,467,361.0,74.2842708826065,10.816653826391969,0.8220975158776241,0.955026455026455,0.9998806446292667,158.04169,0.10661668,87.295944,0.064834155,97.0658,0.062475737,254.73232,0.010045999,859,617,S2R80105,212
213,779,464,293.0,68.97056257724762,9.326762794674746,0.774016016454144,0.966996699669967,0.9993256307709659,164.26569,0.05066488,85.156265,0.031643793,94.89016,0.03585584,254.81795,0.008316848,929,614,S2R80105,213
214,667,464,319.5,72.87005722522736,10.04987562112089,0.7561056883352985,0.9194244604316547,0.999776099262477,165.15787,0.042061023,86.74567,0.03383137,95.74723,0.033173546,254.87474,0.00827436,817,614,S2R80105,214
215,373,463,448.0,90.28427076339722,11.704699910719626,0.6906590213659441,0.9032258064516129,0.9999435671286355,162.96675,0.04377714,87.58705,0.030952811,96.98597,0.026902745,252.2304,0.008978104,523,613,S2R80105,215
216,1251,461,246.0,63.79898941516876,8.773298588520893,0.7594818019696509,0.9213483146067416,0.997462683232014,163.91371,0.04753941,85.8497,0.025507899,97.146736,0.027784979,258.60928,0.007556359,1401,611,S2R80105,216
217,1100,461,207.0,60.97056245803833,8.395107498276426,0.6997450043247069,0.917960088691796,0.9971700374976913,167.03943,0.05113156,86.834694,0.033885386,95.93606,0.030990904,255.90648,0.0081263,1250,611,S2R80105,217
218,1227,461,277.5,67.55634880065918,10.0,0.7640829570406887,0.9487179487179487,0.9998098005900504,165.18388,0.048682958,87.66897,0.036788687,96.23033,0.02744343,257.78494,0.00884706,1377,611,S2R80105,218
219,1425,456,187.0,56.14213538169861,8.06225774829855,0.7455445783054907,0.9166666666666666,0.9992445166000139,164.00189,0.046338383,84.2056,0.03355725,93.90449,0.031629518,260.724,0.008376144,1575,606,S2R80105,219
220,981,447,172.0,58.485281229019165,7.343420458864692,0.6318953300677288,0.8753180661577609,0.9995895378582382,168.53714,0.042450298,86.81467,0.034147635,95.37925,0.036002133,249.56813,0.005516143,1131,597,S2R80105,220
221,838,450,319.0,67.79898953437805,10.462887976860825,0.8720755380063114,0.9755351681957186,0.9998609186396158,159.26268,0.104093745,89.39763,0.055975575,98.80649,0.053487543,249.33948,0.008468419,988,600,S2R80105,221
222,554,452,422.0,79.94112491607666,11.704699910719626,0.8298160001175547,0.9569160997732427,0.9999166541167975,156.5158,0.11748046,87.86613,0.0646097,97.66753,0.061530285,248.33632,0.010311265,704,602,S2R80105,222
223,1499,446,164.5,51.55634891986847,7.9362537121026016,0.7776988519980796,0.94,0.9993760206034027,156.23474,0.09932948,87.572296,0.058795206,96.590126,0.052686997,257.9728,0.00705207,1649,596,S2R80105,223
224,1512,451,249.0,62.97056245803833,8.773298588520893,0.7891036753602277,0.9449715370018975,0.6756626709544211,162.20235,0.05069524,85.96463,0.032449868,94.69637,0.02816718,260.53674,0.0074868184,1662,601,S2R80105,224
225,891,441,122.0,42.485281229019165,6.8896358721824225,0.8493617514949292,0.9878542510121457,0.9979700842786156,164.37102,0.07965547,88.37557,0.04446795,96.47254,0.05475283,246.46799,0.00515533,1041,591,S2R80105,225
226,587,447,275.5,72.38477575778961,10.556141983689486,0.6607497394514229,0.8858520900321544,0.997961947969307,165.82825,0.041625164,86.51437,0.03271564,95.885506,0.033534177,246.46245,0.009156951,737,597,S2R80105,226
227,1535,440,134.5,50.72792184352875,7.211102550927978,0.6568073532165128,0.8485804416403786,0.9991924112343099,151.55637,0.1458778,88.21386,0.08187579,98.64399,0.07625623,255.50673,0.011455101,1685,590,S2R80105,227
228,1533,459,365.0,76.62741672992706,10.816653826391969,0.7811498591955128,0.9455958549222798,0.9999126008136362,160.23671,0.053319924,86.07009,0.03656469,95.66864,0.034314767,262.73364,0.0105050225,1683,609,S2R80105,228
229,1369,437,184.5,51.55634880065918,8.246211251235321,0.8722519079464052,0.9736147757255936,0.9995569657462273,163.88953,0.0765558,84.51908,0.050552886,93.74982,0.04462544,251.84447,0.0067662643,1519,587,S2R80105,229
230,1070,429,231.5,62.3847758769989,8.602325267042627,0.7474869604669939,0.9150197628458498,0.9980539247002922,168.03215,0.0359809,86.759575,0.030749142,96.10728,0.026777994,242.975,0.0072351145,1220,579,S2R80105,230
231,1191,426,216.0,55.79898941516876,8.54400374531753,0.8717881236046943,0.968609865470852,0.9987860599653544,159.45192,0.12656213,89.7406,0.059288576,99.55133,0.05870309,243.48895,0.0068739876,1341,576,S2R80105,231
232,1036,435,319.5,82.87005698680878,9.219544457292887,0.5846358616566006,0.8463576158940397,0.9998786407163643,165.30688,0.08235182,87.62239,0.05367056,96.24534,0.057414163,245.19836,0.011167726,1186,585,S2R80105,232
233,1282,425,250.5,62.72792172431946,9.899494936611665,0.800010701407683,0.9488636363636364,0.9820852552394822,161.66814,0.066783495,85.70122,0.042115152,94.94756,0.04257076,244.52502,0.007839622,1432,575,S2R80105,233
234,1239,421,279.0,64.97056245803833,9.667845391150621,0.8305787472726172,0.9721254355400697,0.9996218604683984,161.51237,0.085606605,87.418045,0.049162198,95.95194,0.049244404,242.32195,0.0075411564,1389,571,S2R80105,234
235,754,423,415.5,82.04163002967834,12.165525060596439,0.775733114796207,0.9347581552305961,0.999489057681138,163.99985,0.050506216,88.27156,0.032580916,96.863106,0.032218743,238.81259,0.01047931,904,573,S2R80105,235
236,1426,417,218.5,56.72792184352875,8.573164506180078,0.8532328295233971,0.9754464285714286,0.9996819744171854,157.08937,0.14167841,84.6738,0.08277195,94.05151,0.08339286,244.66501,0.0071512577,1576,567,S2R80105,236
237,1173,416,156.5,48.72792184352875,6.994156910889943,0.8282633146836452,0.963076923076923,0.9987139575656465,166.31892,0.052612912,88.35583,0.035256058,96.27882,0.03368802,239.33559,0.005707818,1323,566,S2R80105,237
238,278,416,127.5,45.071067690849304,6.708203932499369,0.7887227291443764,0.9659090909090909,0.9990883788459409,167.40422,0.051857308,85.660484,0.032532148,93.5595,0.034908883,233.73677,0.0064406926,428,566,S2R80105,238
239,583,414,116.5,41.071067690849304,6.4031242374328485,0.8678882394576762,0.9957264957264957,0.9646926992929071,166.04172,0.06528753,86.090775,0.038388703,94.97995,0.042942286,233.99632,0.0055712904,733,564,S2R80105,239
240,408,423,546.5,104.18376541137695,13.341664064126334,0.6327030543297061,0.8505836575875486,0.9999593648974326,161.22884,0.079665884,87.608116,0.04319388,96.46115,0.042761967,235.41864,0.014044233,558,573,S2R80105,240
241,1522,412,294.0,64.62741661071777,10.0,0.8845524760272704,0.9767441860465116,0.9998547071926462,151.00365,0.14860906,87.27195,0.07473629,95.45624,0.07207902,246.18863,0.0078903455,1672,562,S2R80105,241
242,782,412,324.0,70.97056233882904,10.295630140987,0.808348024765832,0.9529411764705882,0.9994168956225862,162.89288,0.07421343,89.54029,0.03326772,97.86232,0.03668454,235.28151,0.008470677,932,562,S2R80105,242
243,871,409,257.5,67.55634891986847,9.137464797715152,0.7090139125895718,0.8972125435540069,0.9997410826386238,168.54889,0.041205276,86.89232,0.030909102,94.98762,0.034057587,234.88252,0.0069730063,1021,559,S2R80105,243
244,129,410,516.0,90.6274163722992,12.922326642635497,0.7894786089938212,0.9467889908256881,0.9999070935439179,156.73915,0.11247174,87.42958,0.061163355,95.55766,0.05803312,234.56136,0.0102137495,279,560,S2R80105,244
245,1217,408,289.5,81.55634891986847,9.0,0.5469440241314009,0.8075313807531381,0.9995962461881439,165.26582,0.07479885,87.188225,0.042031515,96.17527,0.04508778,236.70096,0.010255086,1367,558,S2R80105,245
246,526,406,347.0,69.4558436870575,10.793491720330488,0.9039028518526376,0.9857954545454546,0.9997435645650653,155.5482,0.123616666,89.02237,0.049590778,98.154755,0.05690861,229.63943,0.009324003,676,556,S2R80105,246
247,677,405,324.0,73.11269772052765,10.462887976860825,0.761674220066462,0.9257142857142857,0.9996721230530755,162.50497,0.072296664,88.527596,0.03785914,96.19455,0.040716432,231.74718,0.009908772,827,555,S2R80105,247
248,688,417,290.0,70.62741661071777,9.6931639585584,0.7305689660968746,0.9354838709677419,0.9958874269742798,165.93135,0.04443379,87.41898,0.031158729,96.28022,0.024860254,236.16844,0.008072026,838,567,S2R80105,248
249,1467,398,93.5,40.24264061450958,5.385164807134504,0.7255185725871764,0.9257425742574258,0.9968808451213564,167.86745,0.039609525,78.619,0.032766778,87.64381,0.037397534,238.90407,0.005261498,1617,548,S2R80105,249
250,910,402,327.0,68.28427064418793,10.04987562112089,0.8812847736519268,0.9688888888888889,0.974436668876952,157.16516,0.1486768,91.16903,0.06909185,97.83181,0.071506344,232.90431,0.008193388,1060,552,S2R80105,250
251,852,399,152.0,48.97056233882904,7.0710678118654755,0.7964953958327302,0.9325153374233128,0.9989457893493237,169.23785,0.054666765,85.41127,0.030620499,94.76655,0.03878649,230.99591,0.0064084907,1002,549,S2R80105,251
252,349,399,196.0,52.97056245803833,8.06225774829855,0.8778024052413023,0.9751243781094527,0.9996687766487861,163.67976,0.09278337,85.562325,0.052246932,94.56257,0.053517506,226.43552,0.0070832353,499,549,S2R80105,252
253,278,394,84.5,35.071067690849304,6.363839778884804,0.8633136303786485,0.9941176470588236,0.9980217546927298,170.88461,0.05217272,83.682686,0.02518318,91.899445,0.02955039,225.61171,0.004494614,428,544,S2R80105,253
254,1081,395,197.0,55.31370830535889,8.48528137423857,0.8091155354187303,0.9563106796116505,0.9993740891603233,163.58374,0.103772506,89.380135,0.053065494,97.74711,0.050335813,230.88554,0.006353916,1231,545,S2R80105,254
255,1085,409,244.0,61.79898953437805,8.54400374531753,0.8028546780132861,0.953125,0.9997853503627103,164.82404,0.094620615,88.79297,0.048085503,97.48625,0.04567328,235.8402,0.0064840917,1235,559,S2R80105,255
256,1019,393,165.5,48.72792172431946,7.211102550927978,0.8758950750852639,0.9851190476190477,0.9995066729905422,165.48451,0.09363297,90.31837,0.049792826,96.62056,0.047668714,229.95978,0.00636271,1169,543,S2R80105,256
257,1329,392,622.0,109.25483310222626,14.780109889280517,0.6548154726846505,0.8904795991410165,0.9947748122244692,160.17967,0.07643942,82.828094,0.049394213,92.59591,0.049719173,232.63792,0.013071761,1479,542,S2R80105,257
258,1212,383,187.5,53.55634891986847,8.51464255977805,0.8214652783623467,0.9689922480620154,0.9996391790126938,166.56155,0.032888126,85.69304,0.028887926,93.90708,0.023660786,227.30414,0.0059116236,1362,533,S2R80105,258
259,1043,390,273.5,65.89949476718903,10.998496856945458,0.7914127172840535,0.9664310954063604,0.9998445172223368,167.36476,0.05488316,88.44971,0.031588003,95.947075,0.028888512,228.81561,0.006877108,1193,540,S2R80105,259
260,1168,376,100.5,45.55634891986847,6.324555320336759,0.6085245510202155,0.8340248962655602,0.9988296951730818,169.96774,0.051059864,86.14361,0.048019167,93.58433,0.031193484,224.4079,0.004352839,1318,526,S2R80105,260
261,1179,387,255.0,65.79898953437805,9.848857801796104,0.7401361145938589,0.9239130434782609,0.9997972480436192,163.3019,0.065643854,88.333885,0.048324868,96.78385,0.039033536,228.6341,0.008666623,1329,537,S2R80105,261
262,1147,375,73.0,32.485281109809875,5.521009528313442,0.8692795554967471,0.9931972789115646,0.8084011172995019,171.15984,0.040562544,86.896866,0.02801856,94.69774,0.032185,224.24649,0.0040652985,1297,525,S2R80105,262
263,384,375,103.5,41.071067690849304,5.830951894845301,0.7710423414924419,0.9409090909090909,0.9751567122736112,170.61609,0.03071812,82.69266,0.030132024,91.78715,0.022387683,217.48036,0.005214214,534,525,S2R80105,263
264,1410,382,504.0,93.11269760131836,13.379035964562537,0.7305039735475438,0.9256198347107438,0.9999332858373635,155.81172,0.12574981,82.57561,0.07622523,91.42263,0.06599625,230.59015,0.012633571,1560,532,S2R80105,264
265,1097,372,177.5,52.72792184352875,7.9362537121026016,0.8022817471794698,0.9491978609625669,0.9993594279756338,166.57416,0.04106005,88.38829,0.028941212,95.73283,0.030699847,222.79999,0.005945615,1247,522,S2R80105,265
266,591,371,253.5,61.55634880065918,9.433981132056603,0.8407020839959347,0.9694072657743786,0.9994898861497375,165.19228,0.0470205,87.02937,0.033987176,95.03555,0.03169176,217.6976,0.007330414,741,521,S2R80105,266
267,1374,363,291.0,68.6274163722992,10.04987562112089,0.7764393807059842,0.9326923076923077,0.9997223916167585,165.4197,0.04709839,80.36213,0.039756935,89.55521,0.033848763,223.20676,0.0074502337,1524,513,S2R80105,267
268,1358,373,216.0,58.62741661071777,8.54400374531753,0.7896999307344484,0.9310344827586207,0.9965447162200056,159.85478,0.1139271,82.34214,0.06365362,92.32546,0.061442252,226.42786,0.0072657126,1508,523,S2R80105,268
269,865,361,241.5,62.3847758769989,9.219544457292887,0.7797758140508814,0.9288461538461539,0.9996948053267137,166.99251,0.05675377,87.160805,0.0290598,95.26953,0.040429622,218.10596,0.0068802605,1015,511,S2R80105,269
270,654,364,279.5,72.87005698680878,9.924428900898052,0.6614445736231565,0.9001610305958132,0.8664794281670151,166.58022,0.048529137,87.50547,0.03558033,94.15272,0.034542914,216.48682,0.008625885,804,514,S2R80105,270
271,1143,357,175.0,50.97056221961975,7.545179782593586,0.8464651155348157,0.9722222222222222,0.9995990481032585,164.36719,0.0715786,88.54942,0.044712327,95.35176,0.038499337,218.41833,0.00527879,1293,507,S2R80105,271
272,517,358,189.0,54.14213538169861,8.06225774829855,0.8102161715330304,0.949748743718593,0.9782187218322872,163.4331,0.05399484,86.85604,0.025957206,94.96793,0.039063316,212.2949,0.006482011,667,508,S2R80105,272
273,1438,352,113.0,51.65685415267944,6.324555320336759,0.5321479560155579,0.7847222222222222,0.996164728403706,172.06197,0.038678374,74.82939,0.022755755,82.8942,0.028101249,221.3354,0.004708601,1588,502,S2R80105,273
274,676,356,270.5,68.38477599620819,9.667845391150621,0.7268725632020863,0.9138513513513513,0.9998361904106432,168.34184,0.039782025,85.05544,0.03519687,93.41786,0.032863367,214.16582,0.0076146177,826,506,S2R80105,274
275,750,361,751.0,135.5979791879654,14.815445903775952,0.5132670281278956,0.8367688022284122,0.9999737660733575,171.39098,0.038757455,86.50734,0.033733856,94.00369,0.033446513,216.4466,0.017524537,900,511,S2R80105,275
276,773,370,595.0,112.28427076339722,13.0,0.5930468236520948,0.8356741573033708,0.9999073525013034,169.906,0.04012725,87.3942,0.03151369,94.949,0.031458385,220.13806,0.012682675,923,520,S2R80105,276
277,1040,341,52.0,27.656854152679443,4.242640687119285,0.854294575467492,0.9811320754716981,0.995487221024913,179.78741,0.03413961,84.4711,0.016067894,92.76542,0.0258471,212.58716,0.0031258597,1190,491,S2R80105,277
278,382,342,154.0,46.14213514328003,7.413437828395944,0.9089399899800579,0.9967637540453075,0.9994788958960005,163.99083,0.07788018,86.41612,0.042965796,93.75223,0.033541787,206.82906,0.005779896,532,492,S2R80105,278
279,1211,345,317.5,72.87005698680878,10.04987562112089,0.7513726373000077,0.9283625730994152,0.9971605901951366,165.09749,0.045511194,85.37201,0.03084068,93.47536,0.030271951,214.13422,0.0076213283,1361,495,S2R80105,279
280,147,340,153.5,48.72792184352875,7.141085181396727,0.8123860626449811,0.956386292834891,0.9988812159607684,164.06168,0.056073856,82.44231,0.04079569,89.78523,0.037872054,209.62376,0.0055276277,297,490,S2R80105,280
281,846,329,103.5,39.071067690849304,6.4031242374328485,0.8520001185666223,0.9857142857142858,0.9985277383289025,168.42844,0.06578327,87.61638,0.031615436,94.4051,0.041387133,207.5371,0.0046712453,996,479,S2R80105,281
282,698,333,422.0,77.11269736289978,12.083045973594572,0.8918062782038713,0.9768518518518519,0.9996345719563179,159.61334,0.09580263,88.9603,0.05124905,96.175026,0.05198013,207.51125,0.0085226325,848,483,S2R80105,282
283,556,330,591.0,99.94112479686737,14.866068747318506,0.7435477761005737,0.9329123914759274,0.9999571216385985,162.36165,0.073428914,87.88397,0.042277753,94.99263,0.03894961,204.01595,0.009356892,706,480,S2R80105,283
284,74,327,183.5,60.72792184352875,7.615773105863909,0.6252721619074031,0.8436781609195402,0.9441789298953506,166.03998,0.051073633,85.0234,0.03491598,92.94584,0.035848904,209.13591,0.005769893,224,477,S2R80105,284
285,984,326,291.0,64.62741661071777,9.848857801796104,0.8755264303535226,0.9732441471571907,0.9997543905868467,159.35953,0.10752662,91.30994,0.049663562,97.66681,0.045018256,208.62256,0.0073509137,1134,476,S2R80105,285
286,887,320,142.0,52.485281109809875,7.810249675906654,0.6477734639755115,0.9281045751633987,0.9995344063873409,174.4281,0.03828305,87.03791,0.027183466,93.086334,0.025614927,205.79147,0.0037613383,1037,470,S2R80105,286
287,1352,318,212.5,54.3847758769989,8.54400374531753,0.902846902027415,0.9883720930232558,0.99867403106917,157.03145,0.12275925,85.94976,0.053330056,92.732765,0.06316126,208.55722,0.005956809,1502,468,S2R80105,287
288,230,319,216.0,61.65685415267944,8.246211251235321,0.7140044036049453,0.9191489361702128,0.9997261510142129,169.27591,0.03269386,80.972374,0.023774596,89.30355,0.026835876,201.34004,0.005985083,380,469,S2R80105,288
289,1152,317,218.5,58.38477599620819,8.54400374531753,0.8054935529351219,0.9377682403433476,0.9996822222299084,166.44885,0.05068363,86.41306,0.035258733,94.05409,0.03068987,205.9397,0.0064074923,1302,467,S2R80105,289
290,1046,317,376.5,78.04163002967834,11.045361017187261,0.7768231885489874,0.93424317617866,0.9998486916508924,166.22998,0.04884033,88.6897,0.03471124,96.258095,0.030392498,205.4147,0.008087761,1196,467,S2R80105,290
291,1294,309,121.0,49.65685415267944,6.697811566101118,0.6166472921792007,0.8432055749128919,0.9662973308288292,172.39279,0.03856692,81.33128,0.03074387,89.60789,0.029705381,204.91956,0.0047592483,1444,459,S2R80105,291
292,654,312,351.0,73.11269760131836,10.770329614269007,0.82514707442945,0.9397590361445783,0.999868835885832,158.55281,0.09571887,87.52987,0.05320147,94.42855,0.060128625,200.57918,0.0076851975,804,462,S2R80105,292
293,518,305,342.5,81.6984840631485,10.63014581273465,0.644825856296156,0.8850129198966409,0.9998329007975401,165.99576,0.048967652,86.848335,0.029935732,93.40703,0.030253775,196.42525,0.008875445,668,455,S2R80105,293
294,501,315,262.0,67.79898953437805,9.081908183646023,0.7162501283938985,0.9081455805892548,0.999767009626233,160.03778,0.07709801,87.55292,0.04040627,94.47042,0.046199903,198.63712,0.0060293702,651,465,S2R80105,294
295,505,333,441.0,89.4558436870575,11.661903789690601,0.6925179287219047,0.8882175226586103,0.9983615258250751,166.16962,0.038489208,87.28341,0.028138982,93.999825,0.025998121,204.06667,0.009572599,655,483,S2R80105,295
296,938,296,233.0,60.97056233882904,8.773298588520893,0.7876356842763707,0.937625754527163,0.9994321803298418,168.12482,0.03782746,89.319855,0.025486153,96.72798,0.025011117,199.79985,0.0057845744,1088,446,S2R80105,296
297,935,311,190.5,55.55634880065918,8.06225774829855,0.775599378246623,0.927007299270073,0.9995135518827207,170.20146,0.02660492,89.03531,0.022260813,95.758896,0.023638379,203.87263,0.0054683713,1085,461,S2R80105,297
298,1407,290,111.0,50.485281229019165,6.0,0.5472720682394008,0.8072727272727273,0.9859290518906492,169.0808,0.04726189,83.56338,0.025421418,90.15405,0.030456003,202.46204,0.0047333944,1557,440,S2R80105,298
299,1358,289,226.5,61.55634880065918,8.54400374531753,0.7511598501975512,0.917004048582996,0.8443839022953753,164.07336,0.056300063,85.57176,0.033414822,91.7,0.033944145,201.05086,0.0055929823,1508,439,S2R80105,299
300,1104,291,292.0,73.31370830535889,8.06225774829855,0.6826881129943608,0.9040247678018576,0.9998414758300054,167.1239,0.055074804,86.89683,0.03216193,94.45227,0.036771994,198.7725,0.0070290235,1254,441,S2R80105,300
301,603,285,144.5,45.899494767189026,7.810249675906654,0.8619099630529791,0.9829931972789115,0.9991383354145895,165.02977,0.07869315,86.63616,0.041648958,94.223885,0.047643796,192.27985,0.004430499,753,435,S2R80105,301
302,1221,287,455.5,84.5269113779068,12.083045973594572,0.8011396846094668,0.9401444788441693,0.9998316284976072,155.819,0.108329415,88.19683,0.06482101,94.16862,0.05263685,198.71478,0.007733695,1371,437,S2R80105,302
303,512,275,100.5,47.071067690849304,6.189564701436652,0.5699907753221676,0.8445378151260504,0.9989567702891722,171.77704,0.029959239,85.33218,0.030798987,91.78363,0.020428007,188.86087,0.0029815554,662,425,S2R80105,303
304,964,278,295.5,68.3847758769989,9.899494936611665,0.7940511762479453,0.9380952380952381,0.9791327343127819,161.05096,0.0813005,90.782814,0.032302737,98.10418,0.045936346,195.32202,0.006445102,1114,428,S2R80105,304
305,978,291,253.0,66.14213538169861,9.486832980505138,0.726731460559588,0.9068100358422939,0.9808511085075798,167.90137,0.036260597,89.259254,0.02585606,96.21372,0.030526163,198.61911,0.00639052,1128,441,S2R80105,305
306,649,278,231.5,62.72792184352875,8.54400374531753,0.7393312441994182,0.9132149901380671,0.9831763933747573,164.6115,0.040628683,86.97969,0.02242393,93.50242,0.03061883,191.26176,0.0058142906,799,428,S2R80105,306
307,1257,273,291.5,64.38477599620819,10.0,0.8836535875617664,0.9847972972972973,0.9806561287620785,156.30974,0.11600288,86.75687,0.057355788,93.49848,0.053296097,195.79323,0.0060956767,1407,423,S2R80105,307
308,352,277,794.5,112.66904699802399,15.841847692189964,0.7864923881668316,0.9369103773584906,0.9999794783524164,156.73465,0.09046261,89.24982,0.043737885,95.31568,0.04153733,190.12822,0.009066119,502,427,S2R80105,308
309,820,272,420.5,78.04163014888763,11.704699910719626,0.8676073035509028,0.9790454016298021,0.9935138341684693,157.99763,0.093952976,91.14537,0.043435678,97.098366,0.03750971,191.85468,0.0072080786,970,422,S2R80105,309
310,787,271,219.5,63.21320295333862,8.246211251235321,0.690285572265576,0.9032921810699589,0.9978711305505541,165.8154,0.045371227,87.654144,0.025583912,94.8315,0.032358866,191.33266,0.00626979,937,421,S2R80105,310
311,1470,265,174.5,51.071067690849304,7.9362537121026016,0.8407278240418247,0.9943019943019943,0.998951660193327,159.49419,0.0789779,85.69858,0.034406513,93.45372,0.037980355,199.00201,0.004278454,1620,415,S2R80105,311
312,888,265,338.5,74.87005710601807,10.099019513592784,0.7588434822211743,0.9415855354659249,0.9998981669256136,165.89871,0.0478283,90.48518,0.030090496,96.18137,0.029146658,191.37544,0.00756474,1038,415,S2R80105,312
313,539,263,593.5,109.35533833503723,13.601470508735444,0.6236639056670158,0.8734363502575423,0.9998757108620724,157.53705,0.10066619,90.35508,0.04950979,96.699554,0.04255003,186.71284,0.007395349,689,413,S2R80105,313
314,1295,259,257.5,69.55634891986847,9.326762794674746,0.6688266083993425,0.8833619210977701,0.9878482107295746,165.76678,0.054176304,84.99844,0.030531777,91.97687,0.03043324,193.57074,0.004752429,1445,409,S2R80105,314
315,1541,256,314.5,70.38477599620819,10.0,0.797761453765186,0.9444444444444444,0.999874486953295,157.90292,0.05179891,88.08455,0.03294378,93.70008,0.024833009,200.38942,0.0049027517,1691,406,S2R80105,315
316,1323,254,177.5,52.72792184352875,7.713011390885281,0.8022817471794698,0.9517426273458445,0.9995768248398474,161.53627,0.061782554,86.11062,0.041615844,92.941414,0.029194117,192.95831,0.00337438,1473,404,S2R80105,316
317,721,252,89.0,37.65685415267944,5.608058350989902,0.7886999223207855,0.956989247311828,0.9796859592459694,168.2735,0.029333074,85.280014,0.033240415,92.56117,0.020209204,186.37186,0.0030852682,871,402,S2R80105,317
318,440,253,124.5,43.899494647979736,6.8896358721824225,0.8118207988200796,0.9613899613899614,0.8403545867924264,168.1788,0.048528872,86.5118,0.03375536,90.84166,0.02959219,184.02036,0.0032399045,590,403,S2R80105,318
319,85,247,158.0,50.14213514328003,7.280109889280518,0.7896984850133445,0.9321533923303835,0.6724776922660858,161.52357,0.049065307,89.50826,0.02334834,95.98019,0.026031991,191.29079,0.0030611656,235,397,S2R80105,319
320,1083,244,221.5,58.38477599620819,8.54400374531753,0.8165529609845744,0.9506437768240343,0.9995687555445095,166.29573,0.04428696,87.85495,0.02680232,94.35812,0.028550576,188.39632,0.0046245474,1233,394,S2R80105,320
321,1068,249,229.5,63.55634891986847,8.54400374531753,0.7139613016570326,0.898238747553816,0.9992714856038661,166.3,0.03842786,88.594124,0.030173566,94.63913,0.032475792,189.2442,0.0046479036,1218,399,S2R80105,321
322,861,241,106.5,39.899494647979736,6.697811566101118,0.8406683198739834,0.9681818181818181,0.7838344025709278,171.43674,0.039832763,88.557,0.028625363,94.06025,0.035735164,186.1004,0.0028477518,1011,391,S2R80105,322
323,226,244,160.0,51.31370830535889,7.9362537121026016,0.7635949446159828,0.9495548961424333,0.9995648038217293,168.65819,0.03486328,84.374695,0.022591587,89.12747,0.028845035,186.32758,0.003378149,376,394,S2R80105,323
324,627,243,416.5,78.87005698680878,11.17953475808601,0.8413962275920827,0.9585730724971231,0.9999206942515888,158.2432,0.09797063,91.314,0.049144987,97.572556,0.048462003,184.28418,0.005512278,777,393,S2R80105,324
325,647,245,255.0,62.14213538169861,10.0,0.8298081556248242,0.9695817490494296,0.9998052511084624,164.86304,0.08721757,88.95165,0.04978751,95.57127,0.043643065,184.66255,0.0039418796,797,395,S2R80105,325
326,691,240,424.0,92.28427064418793,10.80466931998588,0.6256340142281622,0.8842544316996872,0.9999466023237752,162.58807,0.076660514,89.03114,0.041830406,95.6393,0.046994083,183.89304,0.004468645,841,390,S2R80105,326
327,1154,239,253.5,62.041629910469055,8.94427190999916,0.8276018069233981,0.9530075187969925,0.9990907343117911,163.58368,0.060877144,87.35377,0.037883587,93.512215,0.038298253,188.05055,0.004203759,1304,389,S2R80105,327
328,1163,251,140.0,45.3137081861496,6.324555320336759,0.8567984903808912,0.9824561403508771,0.9957189578339464,164.0943,0.06537701,86.23957,0.038675368,92.71385,0.036563136,190.23373,0.0037455151,1313,401,S2R80105,328
329,831,236,301.0,66.97056233882904,10.0,0.8433512021706235,0.9662921348314607,0.9991741331106366,161.76306,0.082299,90.91934,0.037006076,97.17597,0.043212302,184.90594,0.0043790187,981,386,S2R80105,329
330,130,232,122.0,49.65685415267944,6.082762530298219,0.6217435507922519,0.8531468531468531,0.9990171226956166,172.53484,0.02781738,87.261536,0.0256074,92.35685,0.022449085,187.58772,0.0022959409,280,382,S2R80105,330
331,1000,231,300.0,68.62741661071777,10.024937810560445,0.8004529642382747,0.9316770186335404,0.999632862207481,163.29927,0.054298703,90.604324,0.03162282,97.16607,0.032409783,185.80344,0.00449566,1150,381,S2R80105,331
332,1257,223,96.0,37.31370830535889,5.830951894845301,0.8664515295365443,0.9746192893401016,0.9983097242204427,166.4103,0.050887827,85.24468,0.02997277,92.487656,0.022062657,187.19395,0.0021045385,1407,373,S2R80105,332
333,1122,224,246.5,60.3847758769989,9.219544457292887,0.8495166011049755,0.9704724409448819,0.9995455350780112,163.08762,0.053831805,87.515976,0.038024258,94.19071,0.030984709,185.8633,0.0034394101,1272,374,S2R80105,333
334,771,221,171.5,50.72792184352875,7.810249675906654,0.8374904169266317,0.9661971830985916,0.8667638248896076,163.33931,0.040868826,89.62183,0.03328874,94.94684,0.0285109,182.07031,0.0028302516,921,371,S2R80105,334
335,1317,218,108.0,39.65685415267944,6.737096024649162,0.8629727839238706,1.0,0.9989635515633044,161.5644,0.09400962,88.53522,0.04178248,94.985085,0.049632475,187.53387,0.0018593476,1467,368,S2R80105,335
336,913,220,185.0,52.14213526248932,7.9362537121026016,0.8550745265803519,0.9711286089238845,0.9991715679421749,167.35255,0.07145775,91.45205,0.033581715,98.02,0.041569605,183.66,0.0034483145,1063,370,S2R80105,336
337,866,218,341.5,68.87005722522736,10.5352261608226,0.904773109032988,0.9855699855699855,0.9998622595449493,158.40033,0.096395396,92.96861,0.04774392,98.95123,0.044196233,182.82756,0.003992001,1016,368,S2R80105,337
338,739,210,180.0,53.79898941516876,7.615773105863909,0.7815092695881009,0.9302325581395349,0.9425688281510631,165.28609,0.05079446,90.313354,0.026619544,96.46185,0.034178633,180.06647,0.0024119501,889,360,S2R80105,338
339,665,204,83.0,40.82842707633972,4.73606797749979,0.6256949625179083,0.8645833333333334,0.8944519075039606,176.1424,0.028741442,88.43908,0.021522569,95.249756,0.019404184,178.9923,0.001802881,815,354,S2R80105,339
340,342,202,60.0,29.656854152679443,5.0,0.8572568253872993,0.9836065573770492,0.8671856319273505,168.66998,0.041328847,88.46286,0.026910575,93.83408,0.03964071,180.03493,0.00068472925,492,352,S2R80105,340
341,450,211,702.0,127.25483310222626,15.231546211727817,0.5447514623396534,0.8493647912885662,0.9962414287593735,163.53531,0.049532264,89.6169,0.03166353,95.6546,0.030543134,178.9733,0.003536814,600,361,S2R80105,341
342,185,204,318.0,67.79898953437805,10.63014581273465,0.8693417588903042,0.9799691833590138,0.9998741174068638,152.15941,0.124666974,94.19683,0.048677642,99.15036,0.044886343,184.29617,0.0013943563,335,354,S2R80105,342
343,1107,200,197.0,55.79898965358734,8.06225774829855,0.7951030503818521,0.9471153846153846,0.9995539342723836,167.87753,0.039035954,89.22071,0.023333332,94.52522,0.027779976,182.64935,0.0022395211,1257,350,S2R80105,343
344,1093,207,267.5,62.870057106018066,8.602325267042627,0.8504444293157742,0.9657039711191335,0.9992177288530746,161.07173,0.053034484,91.00263,0.0321647,96.29662,0.032386206,183.24805,0.0032054803,1243,357,S2R80105,344
345,528,194,65.5,31.071067690849304,5.0,0.8525872030341333,0.9776119402985075,0.9962790876403986,170.14339,0.03924812,89.12302,0.03487758,94.44147,0.026748708,177.45773,0.0010410558,678,344,S2R80105,345
346,566,196,375.0,89.94112455844879,10.816653826391969,0.5825383280682981,0.8591065292096219,0.9999211102039484,163.37315,0.07216328,91.819534,0.03932623,97.25045,0.040380467,177.88918,0.0024181914,716,346,S2R80105,346
347,1366,193,229.5,57.2132031917572,9.219544457292887,0.8810489285349011,0.9765957446808511,0.9986168851560944,158.34778,0.10190448,89.80744,0.04425494,95.3404,0.04641001,186.94363,0.0014506528,1516,343,S2R80105,347
348,1293,192,195.5,53.55634891986847,8.06225774829855,0.8565144635724736,0.9702233250620348,0.9974161018195683,160.31381,0.114540875,90.554535,0.05238444,95.489395,0.041139092,184.90509,0.0016547887,1443,342,S2R80105,348
349,847,190,115.0,42.485281229019165,6.708203932499369,0.8006278805075152,0.9583333333333334,0.9985003547662255,167.96667,0.033158302,89.93364,0.022852387,95.517685,0.025339331,179.7301,0.0017306968,997,340,S2R80105,349
350,899,193,221.0,60.14213526248932,8.30313074680804,0.7677935361611228,0.9344608879492601,0.9997481344308654,165.63652,0.037892453,92.76583,0.027133295,98.34852,0.03393205,180.28406,0.002431464,1049,343,S2R80105,350
351,1170,181,284.5,70.38477599620819,9.874176369203884,0.7216633818638963,0.9074960127591707,0.9997733952321622,164.5601,0.05201725,91.513176,0.03582094,96.59998,0.029163552,181.81358,0.002022071,1320,331,S2R80105,351
352,1265,175,120.5,41.899494767189026,6.555664084966109,0.8625401868729704,0.9796747967479674,0.9991352553712965,164.94246,0.050441824,91.171585,0.028860997,97.50008,0.031512503,183.162,0.00097527954,1415,325,S2R80105,352
353,438,176,107.5,49.071067690849304,5.7339636687163615,0.5610057509611641,0.8113207547169812,0.4074713636803304,169.0133,0.0432273,93.00487,0.021162242,98.03444,0.02939646,177.14296,0.0005671062,588,326,S2R80105,353
354,58,176,107.0,47.3137081861496,6.4031242374328485,0.6006474916335192,0.84251968503937,0.9360546238920366,167.66989,0.043059636,88.974686,0.037867937,93.75904,0.029820478,184.85844,0.0013312682,208,326,S2R80105,354
355,1561,173,86.0,35.3137081861496,5.385164807134504,0.8666059518416184,0.9828571428571429,0.8779826941754653,164.32458,0.035082597,89.05591,0.022894649,94.076004,0.023521317,192.72737,0.000116666226,1711,323,S2R80105,355
356,1330,175,133.5,44.72792184352875,6.708203932499369,0.8385591245748233,0.960431654676259,0.9985363266433167,160.6312,0.044749796,90.64496,0.02883053,96.19638,0.030116593,184.91101,0.0009496354,1480,325,S2R80105,356
357,1223,165,87.0,42.82842707633972,4.061552812808831,0.5960255363202754,0.8787878787878788,0.9984727558354967,174.11504,0.028455712,91.52026,0.02236404,96.72954,0.0245594,181.73048,0.00085044216,1373,315,S2R80105,357
358,235,166,113.0,51.65685415267944,6.324555320336759,0.5321479560155579,0.7793103448275862,0.9970501742209353,175.74033,0.029776901,89.773285,0.023520743,94.39582,0.027820366,182.69278,0.00043980277,385,316,S2R80105,358
359,949,165,329.0,69.45584380626678,10.5352261608226,0.8570145165380354,0.9633967789165446,0.9998659132316365,160.30743,0.064866565,96.09091,0.03312616,103.52337,0.04126991,178.87585,0.0017817883,1099,315,S2R80105,359
360,1308,160,177.0,54.14213526248932,7.615773105863909,0.7587738782690711,0.944,0.999603057204006,165.11395,0.06210015,92.143974,0.036388755,97.04191,0.03579279,183.85567,0.00079755316,1458,310,S2R80105,360
361,988,160,97.5,39.071067690849304,5.830951894845301,0.8026088073453689,0.9558823529411765,0.996447887050451,170.42104,0.040370863,93.63831,0.024919983,97.264496,0.027153432,178.65158,0.0010295141,1138,310,S2R80105,361
362,131,180,1529.5,192.4680358171463,22.80350850198276,0.5188503533455755,0.8532775453277546,0.9999917746302667,164.26785,0.048209008,94.44832,0.032562055,99.11103,0.031056892,184.6871,0.0017268915,281,330,S2R80105,362
363,1336,154,110.0,39.31370830535889,6.363839778884804,0.8943644479055678,0.9865470852017937,0.998678380138633,161.82251,0.101382285,92.36074,0.045854706,97.0893,0.047441747,184.86168,0.00081080344,1486,304,S2R80105,363
364,1272,151,88.5,36.24264061450958,6.4031242374328485,0.846668631191906,1.0,0.9984315479947978,163.35258,0.07096707,94.01091,0.04035309,99.20676,0.041157685,182.6691,0.0005900641,1422,301,S2R80105,364
365,679,152,140.5,44.72792184352875,6.555664084966109,0.8825285168746267,0.9825174825174825,0.9992502507366721,166.03914,0.07158388,97.83489,0.026336793,105.5808,0.040242724,175.75848,0.00083073764,829,302,S2R80105,365
366,898,154,335.5,70.04163002967834,10.63014581273465,0.8593892154996854,0.9682539682539683,0.9987437913106012,157.23112,0.12415505,99.25049,0.05166148,103.995285,0.050038785,177.83119,0.0013272696,1048,304,S2R80105,366
367,62,155,332.5,74.04163014888763,10.5352261608226,0.7621659978015032,0.9185082872928176,0.9998885904996919,159.39865,0.05492497,96.91649,0.03447303,99.94161,0.03115697,183.9342,0.0009321964,212,305,S2R80105,367
368,1048,152,421.5,76.52691102027893,11.704699910719626,0.9044385725397843,0.9859649122807017,0.9999000018676092,156.5504,0.097746044,97.306,0.034145944,103.90087,0.057613306,178.29283,0.0016681269,1198,302,S2R80105,368
369,306,148,143.5,47.55634868144989,7.0,0.7973422178877879,0.9695945945945946,0.9975003256103168,166.42444,0.076726414,96.45946,0.04122776,100.822174,0.029488554,181.67435,0.001316205,456,298,S2R80105,369
370,596,145,121.0,42.14213526248932,6.324555320336759,0.856174247852881,0.9641434262948207,0.9380020776913575,164.86137,0.07002183,97.27767,0.030333918,105.247604,0.052526962,175.38168,0.0007337875,746,295,S2R80105,370
371,1538,143,333.5,74.3847758769989,10.295630140987,0.7574214231020756,0.9225449515905948,0.9998033880518543,158.22986,0.043211758,94.06657,0.030748375,98.13098,0.027705109,192.39264,0.00066505885,1688,293,S2R80105,371
372,361,149,912.0,128.08326053619385,17.334449865329116,0.6985861209590449,0.8919315403422983,0.9999732660593852,156.00694,0.095228426,99.66149,0.03900247,104.312416,0.03803235,179.39575,0.0023245155,511,299,S2R80105,372
373,203,150,778.0,112.0832599401474,15.731932071670212,0.778229972718369,0.9356584485868912,0.9998882821205004,155.02763,0.080842115,98.62655,0.031939052,103.06916,0.033914868,183.87231,0.0018292603,353,300,S2R80105,373
374,1097,140,274.0,64.62741649150848,9.848857801796104,0.824378841243522,0.9530434782608695,0.9998356782404136,164.75696,0.04563685,96.14403,0.031407043,100.42979,0.038095832,178.35678,0.0017066837,1247,290,S2R80105,374
375,762,139,213.5,57.55634891986847,8.48528137423857,0.8098811109748644,0.9573991031390134,0.9993695367633427,164.63126,0.040206935,98.861626,0.024130892,104.28036,0.039659902,176.24403,0.0010033571,912,289,S2R80105,375
376,1491,137,269.0,71.79898953437805,9.527692569068709,0.6557306435756693,0.9149659863945578,0.9998339196315411,157.37346,0.10507908,96.1669,0.05153261,100.10119,0.04328093,191.14297,0.0012712795,1641,287,S2R80105,376
377,1415,136,214.0,58.627416491508484,8.48528137423857,0.7823878975204756,0.9406593406593406,0.9997116001443183,159.51332,0.13163841,97.32266,0.0656596,101.073616,0.066994,188.04195,0.0008718953,1565,286,S2R80105,377
378,1413,152,175.5,57.21320307254791,8.246211251235321,0.6737433010990148,0.8709677419354839,0.9995828015492365,159.30547,0.13231693,93.741936,0.057116292,98.77404,0.057021115,187.76785,0.0006312255,1563,302,S2R80105,378
379,140,125,113.5,41.071067690849304,6.807113394180414,0.8455391860810836,0.9869565217391304,0.9989965842327685,162.96288,0.0737917,98.86445,0.03799448,101.294266,0.035832096,185.15388,0.00022232972,290,275,S2R80105,379
380,1096,121,52.0,27.656854152679443,4.47213595499958,0.854294575467492,0.9811320754716981,0.9954872210249202,172.8005,0.0265317,95.146194,0.031005412,98.34859,0.02562306,176.88367,0.0012069613,1246,271,S2R80105,380
381,841,117,52.0,27.656854152679443,4.242640687119285,0.854294575467492,0.9811320754716981,0.9954872210249202,176.56706,0.039218545,96.9169,0.019370185,102.02156,0.027880514,175.14677,0.0013878675,991,267,S2R80105,381
382,773,119,253.5,77.55634891986847,9.219544457292887,0.5296062675144507,0.7946708463949843,0.9963359279094544,166.786,0.043305147,100.52121,0.030690843,108.21722,0.038559932,175.1365,0.0031139294,923,269,S2R80105,382
383,431,116,365.0,73.4558436870575,11.146024801212626,0.8500608715308193,0.9668874172185431,0.9998247347420296,160.14105,0.063731775,100.2847,0.039666057,106.38906,0.053993206,175.74666,0.0024033892,581,266,S2R80105,383
384,413,129,543.5,92.18376564979553,13.435015956036224,0.8037121297552936,0.9394987035436474,0.9996483128777365,152.82658,0.0868715,102.137505,0.041410986,106.23606,0.04242101,177.02534,0.0019383627,563,279,S2R80105,384
385,338,119,509.5,86.5269113779068,13.0,0.855168408989877,0.9704761904761905,0.9998731451839071,152.30623,0.103608266,104.86074,0.040869758,110.74563,0.053766437,180.40456,0.0018723606,488,269,S2R80105,385
386,1171,104,193.0,54.14213538169861,7.810249675906654,0.8273636037347876,0.9698492462311558,0.9989928149278786,159.32947,0.11469359,101.18994,0.055289034,108.76424,0.094966546,176.297,0.0035080297,1321,254,S2R80105,386
387,805,103,210.0,54.97056233882904,8.06225774829855,0.8733107362101952,0.9859154929577465,0.9997076440289759,160.13351,0.08524182,104.02436,0.04048301,114.227554,0.076204464,173.18423,0.0036083013,955,253,S2R80105,387
388,630,105,401.5,74.87005722522736,11.40175425099138,0.9000757965777924,0.9852760736196319,0.9999187104178298,153.48004,0.13537882,106.38405,0.050009143,118.95447,0.09012249,172.21916,0.0048643965,780,255,S2R80105,388
389,1374,98,81.0,35.65685415267944,5.656854249492381,0.8005875528566126,0.9642857142857143,0.9978116320806818,164.21457,0.098514885,102.728874,0.06287528,107.272804,0.08040645,185.28796,0.0016770425,1524,248,S2R80105,389
390,771,97,259.5,62.38477599620819,9.219544457292887,0.8378957472996565,0.9646840148698885,0.9998022440113813,161.54112,0.07437736,104.8739,0.03906773,115.22429,0.06365854,172.51137,0.004063798,921,247,S2R80105,390
391,1229,94,184.5,55.55634880065918,7.615773105863909,0.7511710513727137,0.9133663366336634,0.999520352981634,162.15172,0.054058667,102.10347,0.02735684,109.49932,0.052509986,177.08409,0.0033337479,1379,244,S2R80105,391
392,896,95,268.5,65.21320295333862,9.486832980505138,0.7933833676435128,0.9339130434782609,0.9987741811413451,158.89775,0.08755991,107.10912,0.052805442,117.68413,0.06215696,172.78467,0.004514319,1046,245,S2R80105,392
393,881,98,168.0,56.14213538169861,7.280109889280518,0.6697940596541306,0.8936170212765957,0.9985031815486881,155.53821,0.084295005,105.38906,0.044826865,122.89883,0.057472747,173.11073,0.0039851386,1031,248,S2R80105,393
394,879,114,233.0,64.62741649150848,8.94427190999916,0.7010228832472286,0.8859315589353612,0.9997713023170398,165.54518,0.048344526,101.19401,0.031267833,109.913925,0.04543255,175.15887,0.002770896,1029,264,S2R80105,394
395,83,96,449.0,81.11269772052765,12.041594578792296,0.8575876405905366,0.961456102783726,0.9998993076153004,150.64642,0.12291113,108.95538,0.05218664,110.90905,0.05095811,183.40115,0.0016156157,233,246,S2R80105,395
396,986,88,80.5,35.071067571640015,5.830951894845301,0.8224467185553954,0.9817073170731707,0.9905742308914205,167.55475,0.034853835,101.69193,0.03303517,110.518074,0.038570862,171.45761,0.003692336,1136,238,S2R80105,396
397,1132,87,125.0,42.485281229019165,7.0710678118654755,0.8702476962038208,0.9920634920634921,0.9992148994635085,163.4831,0.0677016,101.26815,0.041780714,110.416794,0.0682217,172.44763,0.0042125327,1282,237,S2R80105,397
398,948,89,225.0,57.79898953437805,8.543803320640599,0.8463536864361694,0.9698275862068966,0.9997435870509644,161.77118,0.050168555,105.65249,0.032894857,121.23498,0.047171436,171.82545,0.0050007915,1098,239,S2R80105,398
399,1332,85,224.0,59.31370830535889,9.326762794674746,0.8001063703614795,0.9739130434782609,0.9997708214130316,156.98811,0.10796954,104.05671,0.05956226,112.77288,0.08774914,181.22665,0.003566805,1482,235,S2R80105,399
400,926,87,249.0,59.455843567848206,8.602325267042627,0.8851566173919072,0.9707602339181286,0.999748627642334,157.19852,0.13577583,107.846794,0.072273195,120.11361,0.088950604,171.47769,0.005279381,1076,237,S2R80105,400
401,1440,81,98.5,38.24264061450958,6.708203932499369,0.8463506850721328,1.0,0.9733290048060057,159.9905,0.07192405,102.87571,0.052062973,107.92408,0.05478787,187.97171,0.0018938541,1590,231,S2R80105,401
402,858,85,275.0,62.62741661071777,9.433981132056603,0.8810763888062465,0.9734513274336283,0.99983161187887,156.40208,0.124407984,107.75983,0.058549963,122.44236,0.09136054,170.32133,0.0059897657,1008,235,S2R80105,402
403,255,82,333.5,78.3847758769989,12.041594578792296,0.6820909077571049,0.918732782369146,0.9998956954926075,160.15565,0.08448904,105.15705,0.040793337,111.11159,0.06974263,180.59557,0.0035262818,405,232,S2R80105,403
404,1307,77,84.5,35.071067690849304,5.830951894845301,0.8633136303786485,0.9883040935672515,0.9982836247527056,166.72516,0.05642996,101.31777,0.033529356,107.08139,0.054667607,178.5741,0.003356882,1457,227,S2R80105,404
405,1377,77,168.5,51.55634868144989,7.141085181396727,0.7966094697487365,0.9413407821229051,0.9993416518901657,163.9703,0.041178867,103.61622,0.026212703,109.1262,0.037572272,182.71985,0.0035540333,1527,227,S2R80105,405
406,1387,88,147.0,50.14213526248932,8.123105625617661,0.734719473069564,0.930379746835443,0.9994303376382976,161.61778,0.038553145,102.55046,0.033553742,106.982994,0.029361628,185.06116,0.0029383905,1537,238,S2R80105,406
407,772,77,177.0,55.31370830535889,7.810249675906654,0.7269718262391639,0.9267015706806283,0.9994666741172699,165.3395,0.041948188,104.75063,0.024281451,119.596214,0.042248983,168.20326,0.0056044064,922,227,S2R80105,407
408,1072,72,124.0,42.485281229019165,6.8896358721824225,0.8632857146341902,0.9880478087649402,0.9990704194635995,163.79388,0.110350914,104.59072,0.06361093,117.63206,0.102478124,167.25092,0.0069920486,1222,222,S2R80105,408
409,514,72,355.0,72.97056245803833,10.700237713501828,0.837804771513805,0.9686221009549796,0.9996888643720865,153.31589,0.12579131,110.212166,0.053956386,126.25268,0.08986825,166.48347,0.009183011,664,222,S2R80105,409
410,588,57,341.5,70.04162979125977,10.0,0.8747583281405004,0.9743223965763196,0.9998863532312413,153.73227,0.12951,110.86115,0.05185486,131.43379,0.091639504,160.18295,0.013733249,738,207,S2R80105,410
411,1162,51,123.5,42.72792184352875,6.4031242374328485,0.8500672417304003,0.9762845849802372,0.9983657616927903,164.58759,0.065166466,104.435234,0.031246947,118.62082,0.06340886,160.2425,0.011864447,1312,201,S2R80105,411
412,964,54,335.0,70.97056245803833,10.700237713501828,0.835791936379134,0.9696092619392185,0.9997605336847563,156.77962,0.12510005,110.655235,0.053788815,131.5737,0.08284572,160.43448,0.016446445,1114,204,S2R80105,412
413,1323,48,158.5,47.55634891986847,7.211102550927978,0.8806880854915837,0.9783950617283951,0.9995025360984519,157.08035,0.11326454,108.426414,0.04953209,120.24784,0.07088809,169.8703,0.010623849,1473,198,S2R80105,413
414,1089,48,165.0,51.31370830535889,7.615773105863909,0.7874572866352322,0.9375,0.9995224925541033,162.75499,0.062142994,105.313545,0.030497102,122.05539,0.052248437,157.23697,0.013342111,1239,198,S2R80105,414
415,85,47,292.0,66.62741649150848,10.0,0.8265835693414048,0.955810147299509,0.9997602477442552,154.4048,0.07264111,118.87604,0.033452578,124.197876,0.04158986,179.41461,0.0053252443,235,197,S2R80105,415
416,106,64,468.0,87.79898953437805,12.36931687685298,0.7629159272778759,0.9304174950298211,0.9996468587422176,158.6691,0.05908515,114.12021,0.02686038,117.5447,0.037483137,182.07846,0.003417418,256,214,S2R80105,416
417,141,42,110.0,41.31370830535889,6.363839778884804,0.8098679109790748,0.9565217391304348,0.9990362149594192,162.86266,0.037601855,115.87267,0.018769134,118.95238,0.020341426,178.07341,0.005496092,291,192,S2R80105,417
418,711,39,138.0,45.31370830535889,7.141085181396727,0.8445585075032246,0.968421052631579,0.9991396791569871,164.88168,0.033432856,108.26582,0.023871813,129.62955,0.037960652,151.87332,0.014024422,861,189,S2R80105,418
419,436,42,460.5,84.87005722522736,12.30650502986812,0.8033975602550405,0.9426816786079836,0.9999413696181016,153.70584,0.10076582,113.18446,0.045015115,133.63405,0.05647127,157.19878,0.020422062,586,192,S2R80105,419
420,1561,34,62.0,29.656854152679443,5.0,0.8858320529002093,1.0,1.0,162.37679,0.033038203,110.67389,0.024553562,111.51817,0.019589702,183.71445,0.0037684375,1711,184,S2R80105,420
421,1283,39,178.5,55.899494767189026,8.06225774829855,0.7178477098217347,0.9272727272727272,0.9996417369987718,163.3678,0.1283369,107.35434,0.06089815,120.50376,0.08939419,162.17726,0.018088046,1433,189,S2R80105,421
